code,name,fiber_total,kcal,soluble_prosky,insoluble_prosky,total_prosky,sol_low_aoac,sol_high_aoac,insol_aoac,resistant_starch,total_aoac,method
01001,アマランサス　玄穀,7.4,343.0,1.1,6.3,7.4,,,,,,prosky
01002,あわ　精白粒,3.3,346.0,0.4,2.9,3.3,,,,,,prosky
01003,あわ　あわもち,1.5,210.0,0.0,1.5,1.5,,,,,,prosky
01004,えんばく　オートミール,9.4,350.0,3.2,6.2,9.4,,,,,,prosky
01005,おおむぎ　七分つき押麦,10.3,343.0,6.3,4.0,10.3,,,,,,prosky
01006,おおむぎ　押麦　乾,12.2,329.0,4.3,3.6,7.9,2.4,4.3,5.5,0.4,12.2,both
01170,おおむぎ　押麦　めし,4.2,118.0,,,,0.6,1.5,2.1,0.5,4.2,aoac2011.25
01007,おおむぎ　米粒麦,8.7,333.0,6.0,2.7,8.7,,,,,,prosky
01008,おおむぎ　大麦めん　乾,6.3,343.0,3.6,2.7,6.3,,,,,,prosky
01009,おおむぎ　大麦めん　ゆで,2.5,121.0,1.2,1.3,2.5,,,,,,prosky
01010,おおむぎ　麦こがし,15.5,368.0,5.2,10.3,15.5,,,,,,prosky
01167,キヌア　玄穀,6.2,344.0,1.5,4.7,6.2,,,,,,prosky
01011,きび　精白粒,1.6,353.0,0.0,1.6,1.6,,,,,,prosky
01012,こむぎ　［玄穀］　国産　普通,14.0,329.0,0.5,10.0,10.5,3.3,1.8,8.9,0.4,14.0,both
01013,こむぎ　［玄穀］　輸入　軟質,11.2,344.0,1.4,9.8,11.2,,,,,,prosky
01014,こむぎ　［玄穀］　輸入　硬質,11.4,332.0,1.5,9.9,11.4,,,,,,prosky
01015,こむぎ　［小麦粉］　薄力粉　1等,2.5,349.0,1.2,1.3,2.5,,,,,,prosky
01016,こむぎ　［小麦粉］　薄力粉　2等,2.6,345.0,1.1,1.5,2.6,,,,,,prosky
01018,こむぎ　［小麦粉］　中力粉　1等,2.8,337.0,1.2,1.6,2.8,,,,,,prosky
01019,こむぎ　［小麦粉］　中力粉　2等,2.1,346.0,0.9,1.2,2.1,,,,,,prosky
01020,こむぎ　［小麦粉］　強力粉　1等,2.7,337.0,1.2,1.5,2.7,,,,,,prosky
01021,こむぎ　［小麦粉］　強力粉　2等,2.1,343.0,0.9,1.2,2.1,,,,,,prosky
01023,こむぎ　［小麦粉］　強力粉　全粒粉,11.2,320.0,1.5,9.7,11.2,,,,,,prosky
01146,こむぎ　［小麦粉］　プレミックス粉　お好み焼き用,2.8,335.0,1.7,1.1,2.8,,,,,,prosky
01024,こむぎ　［小麦粉］　プレミックス粉　ホットケーキ用,1.8,360.0,0.9,1.0,1.8,,,,,,prosky
01147,こむぎ　［小麦粉］　プレミックス粉　から揚げ用,2.6,311.0,1.4,1.2,2.6,,,,,,prosky
01025,こむぎ　［小麦粉］　プレミックス粉　天ぷら用,2.5,337.0,1.5,1.0,2.5,,,,,,prosky
01171,こむぎ　［小麦粉］　プレミックス粉　天ぷら用　バッター,1.9,132.0,0.6,0.4,1.0,0.7,0.7,0.5,0.3,1.9,both
01172,こむぎ　［小麦粉］　プレミックス粉　天ぷら用　バッター　揚げ,3.3,588.0,,,,1.5,0.6,1.2,0.3,3.3,aoac2011.25
01026,こむぎ　［パン類］　角形食パン　食パン,4.2,248.0,0.4,1.9,2.2,1.0,0.9,2.3,1.1,4.2,both
01174,こむぎ　［パン類］　角形食パン　焼き,4.6,269.0,,,,1.2,0.9,2.5,1.4,4.6,aoac2011.25
01175,こむぎ　［パン類］　角形食パン　耳を除いたもの,3.8,226.0,,,,0.9,0.9,2.0,1.2,3.8,aoac2011.25
01176,こむぎ　［パン類］　角形食パン　耳,4.7,273.0,,,,1.1,0.9,2.7,0.9,4.7,aoac2011.25
01206,こむぎ　［パン類］　食パン　リーンタイプ,2.0,246.0,0.8,1.2,2.0,,,,,,prosky
01207,こむぎ　［パン類］　食パン　リッチタイプ,1.7,256.0,0.7,1.0,1.7,,,,,,prosky
01205,こむぎ　［パン類］　山形食パン　食パン,1.8,246.0,0.8,1.1,1.8,,,,,,prosky
01028,こむぎ　［パン類］　コッペパン,3.9,273.0,1.1,1.1,2.2,1.6,1.3,1.0,0.6,3.9,both
01213,こむぎ　［パン類］　バンズ,4.2,274.0,,,,1.3,1.2,1.8,0.5,4.2,aoac2011.25
01030,こむぎ　［パン類］　乾パン,3.1,386.0,1.8,1.3,3.1,,,,,,prosky
01031,こむぎ　［パン類］　フランスパン,2.7,289.0,1.2,1.5,2.7,,,,,,prosky
01032,こむぎ　［パン類］　ライ麦パン,5.6,252.0,2.0,3.6,5.6,,,,,,prosky
01208,こむぎ　［パン類］　全粒粉パン,4.5,251.0,0.9,3.6,4.5,,,,,,prosky
01033,こむぎ　［パン類］　ぶどうパン,2.2,263.0,0.9,1.3,2.2,,,,,,prosky
01034,こむぎ　［パン類］　ロールパン,2.0,309.0,1.0,1.0,2.0,,,,,,prosky
01209,こむぎ　［パン類］　クロワッサン　レギュラータイプ,1.9,406.0,0.7,1.2,1.9,,,,,,prosky
01035,こむぎ　［パン類］　クロワッサン　リッチタイプ,1.8,438.0,0.9,0.9,1.8,,,,,,prosky
01210,こむぎ　［パン類］　くるみパン,2.4,292.0,0.6,1.7,2.4,,,,,,prosky
01036,こむぎ　［パン類］　イングリッシュマフィン,1.2,224.0,0.2,1.0,1.2,,,,,,prosky
01037,こむぎ　［パン類］　ナン,2.0,257.0,0.8,1.2,2.0,,,,,,prosky
01148,こむぎ　［パン類］　ベーグル,2.5,270.0,1.2,1.3,2.5,,,,,,prosky
01038,こむぎ　［うどん・そうめん類］　うどん　生,3.6,249.0,0.5,0.7,1.2,1.7,1.1,0.8,0.3,3.6,both
01039,こむぎ　［うどん・そうめん類］　うどん　ゆで,1.3,95.0,0.2,0.6,0.8,0.6,0.4,0.3,0.1,1.3,both
01186,こむぎ　［うどん・そうめん類］　うどん　半生うどん,4.1,296.0,0.5,0.8,1.3,1.9,1.3,0.9,0.4,4.1,both
01041,こむぎ　［うどん・そうめん類］　干しうどん　乾,2.4,333.0,0.6,1.8,2.4,,,,,,prosky
01042,こむぎ　［うどん・そうめん類］　干しうどん　ゆで,0.7,117.0,0.3,0.4,0.7,,,,,,prosky
01043,こむぎ　［うどん・そうめん類］　そうめん・ひやむぎ　乾,2.5,333.0,0.7,1.8,2.5,,,,,,prosky
01044,こむぎ　［うどん・そうめん類］　そうめん・ひやむぎ　ゆで,0.9,114.0,0.3,0.6,0.9,,,,,,prosky
01045,こむぎ　［うどん・そうめん類］　手延そうめん・手延ひやむぎ　乾,1.8,312.0,1.2,0.6,1.8,,,,,,prosky
01046,こむぎ　［うどん・そうめん類］　手延そうめん・手延ひやむぎ　ゆで,1.0,119.0,0.5,0.5,1.0,,,,,,prosky
01047,こむぎ　［中華めん類］　中華めん　生,5.4,249.0,0.7,1.4,2.1,2.8,1.6,1.0,0.4,5.4,both
01048,こむぎ　［中華めん類］　中華めん　ゆで,2.8,133.0,0.5,0.8,1.3,1.5,0.9,0.5,0.2,2.8,both
01187,こむぎ　［中華めん類］　半生中華めん,6.2,305.0,0.8,1.6,2.4,3.2,1.9,1.1,0.5,6.2,both
01049,こむぎ　［中華めん類］　蒸し中華めん　蒸し中華めん,3.1,162.0,0.7,1.1,1.7,1.1,0.7,1.3,0.8,3.1,both
01188,こむぎ　［中華めん類］　蒸し中華めん  ソテー,3.6,211.0,,,,1.3,0.8,1.5,0.8,3.6,aoac2011.25
01050,こむぎ　［中華めん類］　干し中華めん　乾,6.0,337.0,1.6,1.3,2.9,2.6,1.9,1.4,0.3,6.0,both
01051,こむぎ　［中華めん類］　干し中華めん　ゆで,2.6,131.0,0.7,0.9,1.6,1.0,0.6,1.0,0.5,2.6,both
01052,こむぎ　［中華めん類］　沖縄そば　生,2.1,266.0,1.3,0.8,2.1,,,,,,prosky
01053,こむぎ　［中華めん類］　沖縄そば　ゆで,1.5,132.0,0.8,0.7,1.5,,,,,,prosky
01054,こむぎ　［中華めん類］　干し沖縄そば　乾,2.1,317.0,1.3,0.8,2.1,,,,,,prosky
01055,こむぎ　［中華めん類］　干し沖縄そば　ゆで,1.5,132.0,0.6,0.9,1.5,,,,,,prosky
01056,こむぎ　［即席めん類］　即席中華めん　油揚げ味付け,2.5,424.0,1.6,0.9,2.5,,,,,,prosky
01057,こむぎ　［即席めん類］　即席中華めん　油揚げ　乾　（添付調味料等を含むもの）,2.4,439.0,1.4,1.0,2.4,,,,,,prosky
01198,こむぎ　［即席めん類］　即席中華めん　油揚げ　調理後全体　（添付調味料等を含むもの）,0.5,100.0,0.3,0.2,0.5,,,,,,prosky
01189,こむぎ　［即席めん類］　即席中華めん　油揚げ　ゆで　（添付調味料等を含まないもの）,2.6,189.0,,,,0.9,0.7,1.1,0.5,2.6,aoac2011.25
01144,こむぎ　［即席めん類］　即席中華めん　油揚げ　乾　（添付調味料等を含まないもの）,5.5,453.0,,,,2.0,1.6,1.9,0.9,5.5,aoac2011.25
01058,こむぎ　［即席めん類］　即席中華めん　非油揚げ　乾　（添付調味料等を含むもの）,2.3,336.0,1.4,0.9,2.3,,,,,,prosky
01199,こむぎ　［即席めん類］　即席中華めん　非油揚げ　調理後全体　（添付調味料等を含むもの）,0.6,93.0,0.3,0.3,0.6,,,,,,prosky
01190,こむぎ　［即席めん類］　即席中華めん　非油揚げ　ゆで　（添付調味料等を含まないもの）,2.7,139.0,,,,1.0,0.5,1.2,0.6,2.7,aoac2011.25
01145,こむぎ　［即席めん類］　即席中華めん　非油揚げ　乾　（添付調味料等を含まないもの）,6.5,334.0,,,,2.6,1.8,2.1,0.8,6.5,aoac2011.25
01193,こむぎ　［即席めん類］　中華スタイル即席カップめん　油揚げ　塩味　乾　（添付調味料等を含むもの）,5.8,422.0,,,,3.0,1.3,1.6,0.5,5.8,aoac2011.25
01201,こむぎ　［即席めん類］　中華スタイル即席カップめん　油揚げ　塩味　調理後全体　（添付調味料等を含むもの）,1.3,92.0,,,,0.7,0.3,0.4,0.1,1.3,aoac2011.25
01194,こむぎ　［即席めん類］　中華スタイル即席カップめん　油揚げ　塩味　調理後のめん　（スープを残したもの）,2.2,175.0,,,,0.8,0.6,0.8,0.4,2.2,aoac2011.25
01191,こむぎ　［即席めん類］　中華スタイル即席カップめん　油揚げ　しょうゆ味　乾　（添付調味料等を含むもの）,6.1,417.0,,,,3.1,1.5,1.5,0.5,6.1,aoac2011.25
01200,こむぎ　［即席めん類］　中華スタイル即席カップめん　油揚げ　しょうゆ味　調理後全体　（添付調味料等を含むもの）,1.4,90.0,,,,0.7,0.4,0.4,0.1,1.4,aoac2011.25
01192,こむぎ　［即席めん類］　中華スタイル即席カップめん　油揚げ　しょうゆ味　調理後のめん　（スープを残したもの）,1.9,142.0,,,,0.8,0.5,0.7,0.3,1.9,aoac2011.25
01060,こむぎ　［即席めん類］　中華スタイル即席カップめん　油揚げ　焼きそば　乾　（添付調味料等を含むもの）,5.7,418.0,1.1,1.1,2.2,2.4,1.4,1.9,0.4,5.7,both
01202,こむぎ　［即席めん類］　中華スタイル即席カップめん　油揚げ　焼きそば　調理後全体　（添付調味料等を含むもの）,3.3,222.0,,,,1.4,0.8,1.1,0.2,3.3,aoac2011.25
01061,こむぎ　［即席めん類］　中華スタイル即席カップめん　非油揚げ　乾　（添付調味料等を含むもの）,6.4,314.0,1.6,1.1,2.7,2.2,2.2,2.0,0.5,6.4,both
01203,こむぎ　［即席めん類］　中華スタイル即席カップめん　非油揚げ　調理後全体　（添付調味料等を含むもの）,1.5,66.0,,,,0.5,0.5,0.5,0.1,1.5,aoac2011.25
01195,こむぎ　［即席めん類］　中華スタイル即席カップめん　非油揚げ　調理後のめん　（スープを残したもの）,2.5,121.0,,,,0.6,0.5,1.3,0.4,2.5,aoac2011.25
01062,こむぎ　［即席めん類］　和風スタイル即席カップめん　油揚げ　乾　（添付調味料等を含むもの）,6.0,437.0,1.3,0.6,1.9,2.6,2.0,1.4,0.4,6.0,both
01204,こむぎ　［即席めん類］　和風スタイル即席カップめん　油揚げ　調理後全体　（添付調味料等を含むもの）,1.4,91.0,,,,0.6,0.5,0.3,0.1,1.4,aoac2011.25
01196,こむぎ　［即席めん類］　和風スタイル即席カップめん　油揚げ　調理後のめん　（スープを残したもの）,2.4,163.0,,,,0.9,0.7,0.9,0.4,2.4,aoac2011.25
01063,こむぎ　［マカロニ・スパゲッティ類］　マカロニ・スパゲッティ　乾,5.4,347.0,1.4,1.6,3.0,1.6,1.9,2.0,0.2,5.4,both
01064,こむぎ　［マカロニ・スパゲッティ類］　マカロニ・スパゲッティ　ゆで,3.0,150.0,0.5,1.2,1.7,0.6,0.8,1.7,0.4,3.0,both
01173,こむぎ　［マカロニ・スパゲッティ類］　マカロニ・スパゲッティ　ソテー,2.9,186.0,0.5,1.2,1.6,0.5,0.7,1.6,0.4,2.9,both
01149,こむぎ　［マカロニ・スパゲッティ類］　生パスタ　生,1.5,232.0,0.8,0.7,1.5,,,,,,prosky
01065,こむぎ　［ふ類］　生ふ,0.5,161.0,0.2,0.3,0.5,,,,,,prosky
01066,こむぎ　［ふ類］　焼きふ　釜焼きふ,3.7,357.0,1.1,2.6,3.7,,,,,,prosky
01067,こむぎ　［ふ類］　焼きふ　板ふ,3.8,351.0,1.5,2.3,3.8,,,,,,prosky
01068,こむぎ　［ふ類］　焼きふ　車ふ,2.6,361.0,1.1,1.5,2.6,,,,,,prosky
01177,こむぎ　［ふ類］　油ふ,,547.0,,,,,,,,,none
01070,こむぎ　［その他］　小麦はいが,14.3,391.0,0.7,13.6,14.3,,,,,,prosky
01071,こむぎ　［その他］　小麦たんぱく　粉末状,2.4,398.0,0.5,1.9,2.4,,,,,,prosky
01072,こむぎ　［その他］　小麦たんぱく　粒状,0.4,101.0,0.0,0.4,0.4,,,,,,prosky
01073,こむぎ　［その他］　小麦たんぱく　ペースト状,0.5,145.0,0.0,0.5,0.5,,,,,,prosky
01178,こむぎ　［その他］　かやきせんべい,,359.0,,,,,,,,,none
01074,こむぎ　［その他］　ぎょうざの皮　生,2.2,275.0,1.0,1.2,2.2,,,,,,prosky
01075,こむぎ　［その他］　しゅうまいの皮　生,2.2,275.0,1.0,1.2,2.2,,,,,,prosky
01179,こむぎ　［その他］　春巻きの皮　生,4.5,288.0,,,,2.1,1.2,1.2,0.4,4.5,aoac2011.25
01180,こむぎ　［その他］　春巻きの皮　揚げ,4.2,512.0,,,,1.9,1.2,1.1,0.5,4.2,aoac2011.25
01076,こむぎ　［その他］　ピザ生地,2.3,265.0,0.8,1.5,2.3,,,,,,prosky
01069,こむぎ　［その他］　ちくわぶ,1.5,160.0,0.6,0.9,1.5,,,,,,prosky
01077,こむぎ　［その他］　パン粉　生,3.0,277.0,1.2,1.8,3.0,,,,,,prosky
01078,こむぎ　［その他］　パン粉　半生,3.5,315.0,1.4,2.1,3.5,,,,,,prosky
01079,こむぎ　［その他］　パン粉　乾燥,6.5,349.0,1.4,2.1,3.5,1.4,1.8,3.4,1.1,6.5,both
01150,こむぎ　［その他］　冷めん　生,1.1,249.0,0.6,0.6,1.1,,,,,,prosky
01080,こめ　［水稲穀粒］　玄米,3.0,346.0,0.7,2.3,3.0,,,,,,prosky
01081,こめ　［水稲穀粒］　半つき米,1.4,345.0,0.4,1.0,1.4,,,,,,prosky
01082,こめ　［水稲穀粒］　七分つき米,0.9,348.0,0.2,0.7,0.9,,,,,,prosky
01083,こめ　［水稲穀粒］　精白米　うるち米,0.5,342.0,0.0,0.5,0.5,,,,,,prosky
01151,こめ　［水稲穀粒］　精白米　もち米,0.5,343.0,,0.5,0.5,,,,,,prosky
01152,こめ　［水稲穀粒］　精白米　インディカ米,0.5,347.0,0.1,0.4,0.5,,,,,,prosky
01084,こめ　［水稲穀粒］　はいが精米,1.3,343.0,0.3,1.0,1.3,,,,,,prosky
01153,こめ　［水稲穀粒］　発芽玄米,3.1,339.0,0.5,2.6,3.1,,,,,,prosky
01181,こめ　［水稲穀粒］　赤米,6.5,344.0,,,,0.5,0.6,5.4,0.2,6.5,aoac2011.25
01182,こめ　［水稲穀粒］　黒米,5.6,341.0,,,,0.8,0.9,3.9,0.2,5.6,aoac2011.25
01085,こめ　［水稲めし］　玄米,1.4,152.0,0.2,1.2,1.4,,,,,,prosky
01086,こめ　［水稲めし］　半つき米,0.8,154.0,0.2,0.6,0.8,,,,,,prosky
01087,こめ　［水稲めし］　七分つき米,0.5,160.0,0.1,0.4,0.5,,,,,,prosky
01168,こめ　［水稲めし］　精白米　インディカ米,0.4,184.0,0.0,0.4,0.4,,,,,,prosky
01088,こめ　［水稲めし］　精白米　うるち米,1.5,156.0,0.0,0.3,0.3,0.9,0.0,0.6,0.1,1.5,both
01154,こめ　［水稲めし］　精白米　もち米,0.4,188.0,0.0,0.4,0.4,,,,,,prosky
01089,こめ　［水稲めし］　はいが精米,0.8,159.0,0.2,0.6,0.8,,,,,,prosky
01155,こめ　［水稲めし］　発芽玄米,1.8,161.0,0.2,1.6,1.8,,,,,,prosky
01183,こめ　［水稲めし］　赤米,3.4,150.0,,,,0.9,0.2,2.3,0.1,3.4,aoac2011.25
01184,こめ　［水稲めし］　黒米,3.3,150.0,,,,1.0,0.3,2.0,0.1,3.3,aoac2011.25
01185,こめ　［水稲軟めし］　精白米,1.1,113.0,0.0,0.3,0.3,0.7,,0.4,0.1,1.1,both
01090,こめ　［水稲全かゆ］　玄米,0.6,64.0,0.1,0.5,0.6,,,,,,prosky
01091,こめ　［水稲全かゆ］　半つき米,0.3,65.0,0.1,0.2,0.3,,,,,,prosky
01092,こめ　［水稲全かゆ］　七分つき米,0.2,68.0,,0.2,0.2,,,,,,prosky
01093,こめ　［水稲全かゆ］　精白米,0.1,65.0,0.0,0.1,0.1,,,,,,prosky
01094,こめ　［水稲五分かゆ］　玄米,0.3,32.0,,0.3,0.3,,,,,,prosky
01095,こめ　［水稲五分かゆ］　半つき米,0.1,32.0,,0.1,0.1,,,,,,prosky
01096,こめ　［水稲五分かゆ］　七分つき米,0.1,32.0,,0.1,0.1,,,,,,prosky
01097,こめ　［水稲五分かゆ］　精白米,0.1,33.0,0.0,0.1,0.1,,,,,,prosky
01098,こめ　［水稲おもゆ］　玄米,0.2,19.0,,0.2,0.2,,,,,,prosky
01099,こめ　［水稲おもゆ］　半つき米,0.1,19.0,,0.1,0.1,,,,,,prosky
01100,こめ　［水稲おもゆ］　七分つき米,0.0,20.0,,,,,,,,,none
01101,こめ　［水稲おもゆ］　精白米,0.0,19.0,0.0,,,,,,,,none
01102,こめ　［陸稲穀粒］　玄米,3.0,357.0,0.7,2.3,3.0,,,,,,prosky
01103,こめ　［陸稲穀粒］　半つき米,1.4,356.0,0.4,1.0,1.4,,,,,,prosky
01104,こめ　［陸稲穀粒］　七分つき米,0.9,359.0,0.2,0.7,0.9,,,,,,prosky
01105,こめ　［陸稲穀粒］　精白米,0.5,331.0,0.0,0.5,0.5,,,,,,prosky
01106,こめ　［陸稲めし］　玄米,1.4,156.0,0.2,1.2,1.4,,,,,,prosky
01107,こめ　［陸稲めし］　半つき米,0.8,157.0,0.2,0.6,0.8,,,,,,prosky
01108,こめ　［陸稲めし］　七分つき米,0.5,155.0,0.1,0.4,0.5,,,,,,prosky
01109,こめ　［陸稲めし］　精白米,0.3,157.0,0.0,0.3,0.3,,,,,,prosky
01110,こめ　［うるち米製品］　アルファ化米　一般用,1.2,358.0,0.2,1.0,1.2,,,,,,prosky
01156,こめ　［うるち米製品］　アルファ化米　学校給食用強化品,1.2,358.0,0.2,1.0,1.2,,,,,,prosky
01214,こめ　［うるち米製品］　水稲全かゆ　レトルト　玄米,0.9,45.0,,,,0.3,0.1,0.5,0.1,0.9,aoac2011.25
01215,こめ　［うるち米製品］　水稲全かゆ　レトルト　精白米,0.5,37.0,,,,0.2,0.0,0.2,0.1,0.5,aoac2011.25
01111,こめ　［うるち米製品］　おにぎり,0.4,170.0,0.0,0.4,0.4,,,,,,prosky
01112,こめ　［うるち米製品］　焼きおにぎり,0.4,166.0,0.0,0.4,0.4,,,,,,prosky
01113,こめ　［うるち米製品］　きりたんぽ,0.4,200.0,0.0,0.4,0.4,,,,,,prosky
01114,こめ　［うるち米製品］　上新粉,0.6,343.0,0.0,0.6,0.6,,,,,,prosky
01157,こめ　［うるち米製品］　玄米粉,3.5,370.0,0.6,2.9,3.5,,,,,,prosky
01158,こめ　［うるち米製品］　米粉,0.6,356.0,0.0,0.6,0.6,,,,,,prosky
01211,こめ　［うるち米製品］　米粉パン　食パン,0.7,247.0,0.1,0.6,0.7,,,,,,prosky
01212,こめ　［うるち米製品］　米粉パン　ロールパン,0.6,256.0,0.1,0.5,0.6,,,,,,prosky
01159,こめ　［うるち米製品］　米粉パン　小麦グルテン不使用のもの,0.9,247.0,0.1,0.8,0.9,,,,,,prosky
01160,こめ　［うるち米製品］　米粉めん,0.9,252.0,0.3,0.6,0.9,,,,,,prosky
01115,こめ　［うるち米製品］　ビーフン,0.9,360.0,0.0,0.9,0.9,,,,,,prosky
01169,こめ　［うるち米製品］　ライスペーパー,0.8,339.0,0.2,0.6,0.8,,,,,,prosky
01116,こめ　［うるち米製品］　米こうじ,1.4,260.0,0.2,1.2,1.4,,,,,,prosky
01117,こめ　［もち米製品］　もち,0.5,223.0,0.0,0.5,0.5,,,,,,prosky
01118,こめ　［もち米製品］　赤飯,1.6,186.0,0.1,1.5,1.6,,,,,,prosky
01119,こめ　［もち米製品］　あくまき,0.2,131.0,0.0,0.2,0.2,,,,,,prosky
01120,こめ　［もち米製品］　白玉粉,0.5,347.0,0.0,0.5,0.5,,,,,,prosky
01121,こめ　［もち米製品］　道明寺粉,0.7,349.0,0.0,0.7,0.7,,,,,,prosky
01161,こめ　［その他］　米ぬか,20.5,374.0,2.2,18.3,20.5,,,,,,prosky
01122,そば　そば粉　全層粉,4.3,339.0,0.8,3.5,4.3,,,,,,prosky
01123,そば　そば粉　内層粉,1.8,342.0,0.5,1.3,1.8,,,,,,prosky
01124,そば　そば粉　中層粉,4.4,334.0,1.3,3.1,4.4,,,,,,prosky
01125,そば　そば粉　表層粉,7.1,337.0,1.1,6.0,7.1,,,,,,prosky
01126,そば　そば米,3.7,347.0,1.0,2.7,3.7,,,,,,prosky
01127,そば　そば　生,6.0,271.0,1.0,1.7,2.7,1.8,1.6,2.6,0.2,6.0,both
01128,そば　そば　ゆで,2.9,130.0,0.5,1.5,2.0,0.9,0.8,1.2,0.1,2.9,both
01197,そば　そば　半生そば,6.9,325.0,1.1,2.0,3.1,2.1,1.9,3.0,0.3,6.9,both
01129,そば　干しそば　乾,3.7,344.0,1.6,2.1,3.7,,,,,,prosky
01130,そば　干しそば　ゆで,1.5,113.0,0.5,1.0,1.5,,,,,,prosky
01131,とうもろこし　玄穀　黄色種,9.0,341.0,0.6,8.4,9.0,,,,,,prosky
01162,とうもろこし　玄穀　白色種,9.0,341.0,0.6,8.4,9.0,,,,,,prosky
01132,とうもろこし　コーンミール　黄色種,8.0,375.0,0.6,7.4,8.0,,,,,,prosky
01163,とうもろこし　コーンミール　白色種,8.0,375.0,0.6,7.4,8.0,,,,,,prosky
01133,とうもろこし　コーングリッツ　黄色種,2.4,352.0,0.1,2.3,2.4,,,,,,prosky
01164,とうもろこし　コーングリッツ　白色種,2.4,352.0,0.1,2.3,2.4,,,,,,prosky
01134,とうもろこし　コーンフラワー　黄色種,1.7,347.0,0.2,1.5,1.7,,,,,,prosky
01165,とうもろこし　コーンフラワー　白色種,1.7,347.0,0.2,1.5,1.7,,,,,,prosky
01135,とうもろこし　ジャイアントコーン　フライ　味付け,10.5,409.0,0.6,9.9,10.5,,,,,,prosky
01136,とうもろこし　ポップコーン,9.3,472.0,0.2,9.1,9.3,,,,,,prosky
01137,とうもろこし　コーンフレーク,2.4,380.0,0.3,2.1,2.4,,,,,,prosky
01138,はとむぎ　精白粒,0.6,353.0,0.0,0.6,0.6,,,,,,prosky
01139,ひえ　精白粒,4.3,361.0,0.4,3.9,4.3,,,,,,prosky
01140,もろこし　玄穀,9.7,344.0,0.7,9.0,9.7,,,,,,prosky
01141,もろこし　精白粒,4.4,348.0,0.4,4.0,4.4,,,,,,prosky
01142,ライむぎ　全粒粉,13.3,317.0,3.2,10.1,13.3,,,,,,prosky
01143,ライむぎ　ライ麦粉,12.9,324.0,4.7,8.2,12.9,,,,,,prosky
02068,＜いも類＞　アメリカほどいも　塊根　生,11.1,146.0,,,,0.8,1.8,8.5,0.3,11.1,aoac2011.25
02069,＜いも類＞　アメリカほどいも　塊根　ゆで,8.4,144.0,,,,0.9,3.2,4.2,1.5,8.4,aoac2011.25
02001,＜いも類＞　きくいも　塊茎　生,1.9,66.0,0.5,1.4,1.9,,,,,,prosky
02041,＜いも類＞　きくいも　塊茎　水煮,2.1,51.0,0.5,1.6,2.1,,,,,,prosky
02002,＜いも類＞　こんにゃく　精粉,79.9,194.0,73.3,6.6,79.9,,,,,,prosky
02003,＜いも類＞　こんにゃく　板こんにゃく　精粉こんにゃく,2.2,5.0,0.1,2.1,2.2,,,,,,prosky
02004,＜いも類＞　こんにゃく　板こんにゃく　生いもこんにゃく,3.0,8.0,0.0,3.0,3.0,,,,,,prosky
02042,＜いも類＞　こんにゃく　赤こんにゃく,2.3,6.0,0.1,2.3,2.3,,,,,,prosky
02043,＜いも類＞　こんにゃく　凍みこんにゃく　乾,71.3,192.0,0.9,70.4,71.3,,,,,,prosky
02044,＜いも類＞　こんにゃく　凍みこんにゃく　ゆで,15.5,42.0,0.2,15.3,15.5,,,,,,prosky
02005,＜いも類＞　こんにゃく　しらたき,2.9,7.0,0.0,2.9,2.9,,,,,,prosky
02045,＜いも類＞　（さつまいも類）　さつまいも　塊根　皮つき　生,2.8,127.0,0.9,1.8,2.8,,,,,,prosky
02046,＜いも類＞　（さつまいも類）　さつまいも　塊根　皮つき　蒸し,3.8,129.0,1.0,2.8,3.8,,,,,,prosky
02047,＜いも類＞　（さつまいも類）　さつまいも　塊根　皮つき　天ぷら,3.1,205.0,0.9,2.2,3.1,,,,,,prosky
02006,＜いも類＞　（さつまいも類）　さつまいも　塊根　皮なし　生,2.2,126.0,0.6,1.6,2.2,,,,,,prosky
02007,＜いも類＞　（さつまいも類）　さつまいも　塊根　皮なし　蒸し,2.3,131.0,0.6,1.7,2.3,,,,,,prosky
02008,＜いも類＞　（さつまいも類）　さつまいも　塊根　皮なし　焼き,4.5,151.0,1.1,2.4,3.5,0.7,1.4,2.3,0.5,4.5,both
02009,＜いも類＞　（さつまいも類）　さつまいも　蒸し切干,8.2,277.0,2.4,3.5,5.9,1.3,2.6,4.3,0.8,8.2,both
02048,＜いも類＞　（さつまいも類）　むらさきいも　塊根　皮なし　生,2.5,123.0,0.8,1.7,2.5,,,,,,prosky
02049,＜いも類＞　（さつまいも類）　むらさきいも　塊根　皮なし　蒸し,3.0,122.0,0.9,2.1,3.0,,,,,,prosky
02010,＜いも類＞　（さといも類）　さといも　球茎　生,2.3,53.0,0.8,1.5,2.3,,,,,,prosky
02011,＜いも類＞　（さといも類）　さといも　球茎　水煮,2.4,52.0,0.9,1.5,2.4,,,,,,prosky
02012,＜いも類＞　（さといも類）　さといも　球茎　冷凍,8.7,56.0,0.8,1.2,2.0,0.3,5.0,3.3,0.1,8.7,both
02050,＜いも類＞　（さといも類）　セレベス　球茎　生,2.3,80.0,0.7,1.6,2.3,,,,,,prosky
02051,＜いも類＞　（さといも類）　セレベス　球茎　水煮,2.2,77.0,0.7,1.5,2.2,,,,,,prosky
02052,＜いも類＞　（さといも類）　たけのこいも　球茎　生,2.8,97.0,0.6,2.2,2.8,,,,,,prosky
02053,＜いも類＞　（さといも類）　たけのこいも　球茎　水煮,2.4,86.0,0.8,1.7,2.4,,,,,,prosky
02013,＜いも類＞　（さといも類）　みずいも　球茎　生,2.2,111.0,0.6,1.6,2.2,,,,,,prosky
02014,＜いも類＞　（さといも類）　みずいも　球茎　水煮,2.5,101.0,0.7,1.8,2.5,,,,,,prosky
02015,＜いも類＞　（さといも類）　やつがしら　球茎　生,2.8,94.0,0.5,2.3,2.8,,,,,,prosky
02016,＜いも類＞　（さといも類）　やつがしら　球茎　水煮,2.8,92.0,0.9,1.9,2.8,,,,,,prosky
02063,＜いも類＞　じゃがいも　塊茎　皮つき　生,9.8,51.0,,,,1.3,4.1,4.4,0.1,9.8,aoac2011.25
02064,＜いも類＞　じゃがいも　塊茎　皮つき　電子レンジ調理,3.9,78.0,,,,0.6,0.8,2.4,0.5,3.9,aoac2011.25
02065,＜いも類＞　じゃがいも　塊茎　皮つき　フライドポテト　（生を揚げたもの）,4.3,153.0,,,,0.7,1.1,2.6,0.7,4.3,aoac2011.25
02017,＜いも類＞　じゃがいも　塊茎　皮なし　生,8.9,59.0,0.4,0.8,1.2,1.3,3.6,4.0,0.1,8.9,both
02019,＜いも類＞　じゃがいも　塊茎　皮なし　水煮,3.1,71.0,0.5,1.1,1.6,0.5,0.9,1.7,0.5,3.1,both
02018,＜いも類＞　じゃがいも　塊茎　皮なし　蒸し,3.5,76.0,0.5,1.1,1.7,0.4,0.9,2.2,0.4,3.5,both
02066,＜いも類＞　じゃがいも　塊茎　皮なし　電子レンジ調理,3.5,78.0,0.5,1.1,1.7,0.6,0.7,2.2,0.5,3.5,both
02067,＜いも類＞　じゃがいも　塊茎　皮なし　フライドポテト　（生を揚げたもの）,3.9,159.0,,,,0.6,1.1,2.3,0.7,3.9,aoac2011.25
02020,＜いも類＞　じゃがいも　塊茎　皮なし　フライドポテト　（市販冷凍食品を揚げたもの）,3.1,229.0,1.0,2.1,3.1,,,,,,prosky
02021,＜いも類＞　じゃがいも　乾燥マッシュポテト,6.6,347.0,2.5,4.1,6.6,,,,,,prosky
02054,＜いも類＞　ヤーコン　塊根　生,1.1,52.0,0.3,0.8,1.1,,,,,,prosky
02055,＜いも類＞　ヤーコン　塊根　水煮,1.2,42.0,0.3,0.9,1.2,,,,,,prosky
02022,＜いも類＞　（やまのいも類）　ながいも　いちょういも　塊根　生,1.4,108.0,0.6,0.8,1.4,,,,,,prosky
02023,＜いも類＞　（やまのいも類）　ながいも　ながいも　塊根　生,1.0,64.0,0.2,0.8,1.0,,,,,,prosky
02024,＜いも類＞　（やまのいも類）　ながいも　ながいも　塊根　水煮,1.4,58.0,0.2,1.2,1.4,,,,,,prosky
02025,＜いも類＞　（やまのいも類）　ながいも　やまといも　塊根　生,2.5,119.0,0.7,1.8,2.5,,,,,,prosky
02026,＜いも類＞　（やまのいも類）　じねんじょ　塊根　生,2.0,118.0,0.6,1.4,2.0,,,,,,prosky
02027,＜いも類＞　（やまのいも類）　だいじょ　塊根　生,2.2,102.0,0.5,1.7,2.2,,,,,,prosky
02070,＜でん粉・でん粉製品＞　（でん粉類）　おおうばゆりでん粉,0.8,327.0,,,,0.5,0.3,0.0,1.7,0.8,aoac2011.25
02028,＜でん粉・でん粉製品＞　（でん粉類）　キャッサバでん粉,0.0,354.0,,,,,,,,,none
02029,＜でん粉・でん粉製品＞　（でん粉類）　くずでん粉,0.0,356.0,,,,,,,,,none
02030,＜でん粉・でん粉製品＞　（でん粉類）　米でん粉,0.0,375.0,,,,,,,,,none
02031,＜でん粉・でん粉製品＞　（でん粉類）　小麦でん粉,0.0,360.0,,,,,,,,,none
02032,＜でん粉・でん粉製品＞　（でん粉類）　サゴでん粉,0.0,357.0,,,,,,,,,none
02033,＜でん粉・でん粉製品＞　（でん粉類）　さつまいもでん粉,0.0,340.0,,,,,,,,,none
02034,＜でん粉・でん粉製品＞　（でん粉類）　じゃがいもでん粉,0.0,338.0,,,,,,,,,none
02035,＜でん粉・でん粉製品＞　（でん粉類）　とうもろこしでん粉,0.0,363.0,,,,,,,,,none
02036,＜でん粉・でん粉製品＞　（でん粉製品）　くずきり　乾,0.9,341.0,0.0,0.9,0.9,,,,,,prosky
02037,＜でん粉・でん粉製品＞　（でん粉製品）　くずきり　ゆで,0.8,133.0,0.0,0.8,0.8,,,,,,prosky
02056,＜でん粉・でん粉製品＞　（でん粉製品）　ごま豆腐,1.0,75.0,0.0,1.0,1.0,,,,,,prosky
02038,＜でん粉・でん粉製品＞　（でん粉製品）　タピオカパール　乾,0.5,352.0,0.2,0.2,0.5,,,,,,prosky
02057,＜でん粉・でん粉製品＞　（でん粉製品）　タピオカパール　ゆで,0.2,61.0,0.0,0.2,0.2,,,,,,prosky
02058,＜でん粉・でん粉製品＞　（でん粉製品）　でん粉めん　生,0.8,129.0,0.2,0.6,0.8,,,,,,prosky
02059,＜でん粉・でん粉製品＞　（でん粉製品）　でん粉めん　乾,1.8,347.0,0.5,1.2,1.8,,,,,,prosky
02060,＜でん粉・でん粉製品＞　（でん粉製品）　でん粉めん　乾　ゆで,0.6,83.0,0.0,0.6,0.6,,,,,,prosky
02039,＜でん粉・でん粉製品＞　（でん粉製品）　はるさめ　緑豆はるさめ　乾,4.1,344.0,0.0,4.1,4.1,,,,,,prosky
02061,＜でん粉・でん粉製品＞　（でん粉製品）　はるさめ　緑豆はるさめ　ゆで,1.5,78.0,0.0,1.5,1.5,,,,,,prosky
02040,＜でん粉・でん粉製品＞　（でん粉製品）　はるさめ　普通はるさめ　乾,1.2,346.0,0.3,0.9,1.2,,,,,,prosky
02062,＜でん粉・でん粉製品＞　（でん粉製品）　はるさめ　普通はるさめ　ゆで,0.8,76.0,0.0,0.7,0.8,,,,,,prosky
03001,（砂糖類）　黒砂糖,0.0,352.0,,,,,,,,,none
03030,（砂糖類）　てんさい含蜜糖,8.3,357.0,,,,8.3,0.0,,,8.3,aoac2011.25
03002,（砂糖類）　和三盆糖,0.0,393.0,,,,,,,,,none
03003,（砂糖類）　車糖　上白糖,0.0,391.0,,,,,,,,,none
03004,（砂糖類）　車糖　三温糖,0.0,390.0,,,,,,,,,none
03005,（砂糖類）　ざらめ糖　グラニュー糖,0.0,394.0,,,,,,,,,none
03006,（砂糖類）　ざらめ糖　白ざら糖,0.0,393.0,,,,,,,,,none
03007,（砂糖類）　ざらめ糖　中ざら糖,0.0,393.0,,,,,,,,,none
03008,（砂糖類）　加工糖　角砂糖,0.0,394.0,,,,,,,,,none
03009,（砂糖類）　加工糖　氷砂糖,0.0,394.0,,,,,,,,,none
03010,（砂糖類）　加工糖　コーヒーシュガー,0.0,394.0,,,,,,,,,none
03011,（砂糖類）　加工糖　粉糖,0.0,393.0,,,,,,,,,none
03012,（砂糖類）　液糖　しょ糖型液糖,0.0,267.0,,,,,,,,,none
03013,（砂糖類）　液糖　転化型液糖,0.0,294.0,,,,,,,,,none
03014,（砂糖類）　氷糖みつ,0.0,274.0,,,,,,,,,none
03031,（でん粉糖類）　還元麦芽糖,0.3,208.0,,,,0.3,0.0,0.0,0.0,0.3,aoac2011.25
03032,（でん粉糖類）　還元水あめ,,210.0,,,,,0.0,0.0,0.0,,none
03015,（でん粉糖類）　粉あめ,0.0,397.0,,,,,,,,,none
03024,（でん粉糖類）　水あめ　酵素糖化,0.0,342.0,,,,,,,,,none
03025,（でん粉糖類）　水あめ　酸糖化,0.0,341.0,,,,,,,,,none
03017,（でん粉糖類）　ぶどう糖　全糖,0.0,342.0,,,,,,,,,none
03018,（でん粉糖類）　ぶどう糖　含水結晶,0.0,342.0,,,,,,,,,none
03019,（でん粉糖類）　ぶどう糖　無水結晶,0.0,374.0,,,,,,,,,none
03020,（でん粉糖類）　果糖,0.0,375.0,,,,,,,,,none
03026,（でん粉糖類）　異性化液糖　ぶどう糖果糖液糖,0.0,283.0,,,,,,,,,none
03027,（でん粉糖類）　異性化液糖　果糖ぶどう糖液糖,0.0,283.0,,,,,,,,,none
03028,（でん粉糖類）　異性化液糖　高果糖液糖,0.0,282.0,,,,,,,,,none
03029,（その他）　黒蜜,0.0,199.0,0.0,0.0,0.0,,,,,,prosky
03022,（その他）　はちみつ,0.0,329.0,,,,,,,,,none
03033,（その他）　はちみつ　国産品,,328.0,,,,,,,,,none
03023,（その他）　メープルシロップ,0.0,266.0,,,,,,,,,none
04001,あずき　全粒　乾,24.8,304.0,1.0,14.2,15.3,5.3,2.4,17.1,0.6,24.8,both
04002,あずき　全粒　ゆで,8.7,124.0,0.8,11.3,12.1,1.7,0.8,6.2,1.1,8.7,both
04003,あずき　ゆで小豆缶詰,3.4,202.0,0.5,2.9,3.4,,,,,,prosky
04004,あずき　あん　こし生あん,6.8,147.0,0.3,6.5,6.8,,,,,,prosky
04005,あずき　あん　さらしあん　（乾燥あん）,26.8,335.0,1.0,25.8,26.8,,,,,,prosky
04101,あずき　あん　こし練りあん　（並あん）,3.9,255.0,0.2,3.7,3.9,,,,,,prosky
04102,あずき　あん　こし練りあん　（中割りあん）,3.5,262.0,0.2,3.4,3.5,,,,,,prosky
04103,あずき　あん　こし練りあん　（もなかあん）,3.5,292.0,0.2,3.4,3.5,,,,,,prosky
04111,あずき　あん　つぶし生あん,7.9,115.0,,,,1.2,0.7,6.0,1.5,7.9,aoac2011.25
04006,あずき　あん　つぶし練りあん,5.7,239.0,0.5,5.2,5.7,,,,,,prosky
04007,いんげんまめ　全粒　乾,19.6,280.0,3.3,16.2,19.6,,,,,,prosky
04008,いんげんまめ　全粒　ゆで,13.6,127.0,1.5,12.0,13.6,,,,,,prosky
04009,いんげんまめ　うずら豆,5.9,214.0,1.3,4.6,5.9,,,,,,prosky
04010,いんげんまめ　こし生あん,8.5,135.0,0.5,8.0,8.5,,,,,,prosky
04011,いんげんまめ　豆きんとん,4.8,238.0,4.3,0.5,4.8,,,,,,prosky
04012,えんどう　全粒　青えんどう　乾,17.4,310.0,1.2,16.2,17.4,,,,,,prosky
04013,えんどう　全粒　青えんどう　ゆで,7.7,129.0,0.5,7.2,7.7,,,,,,prosky
04074,えんどう　全粒　赤えんどう　乾,17.4,310.0,1.2,16.2,17.4,,,,,,prosky
04075,えんどう　全粒　赤えんどう　ゆで,7.7,129.0,0.5,7.2,7.7,,,,,,prosky
04014,えんどう　グリンピース（揚げ豆）,19.6,375.0,0.9,18.7,19.6,,,,,,prosky
04015,えんどう　塩豆,17.9,321.0,1.1,16.8,17.9,,,,,,prosky
04016,えんどう　うぐいす豆,5.3,228.0,0.7,4.6,5.3,,,,,,prosky
04112,えんどう　うぐいすあん,8.2,221.0,,,,2.8,0.8,4.6,1.4,8.2,aoac2011.25
04017,ささげ　全粒　乾,18.4,280.0,1.3,17.1,18.4,,,,,,prosky
04018,ささげ　全粒　ゆで,10.7,130.0,0.8,9.9,10.7,,,,,,prosky
04019,そらまめ　全粒　乾,9.3,323.0,1.3,8.0,9.3,,,,,,prosky
04020,そらまめ　フライビーンズ,14.9,436.0,0.9,14.0,14.9,,,,,,prosky
04021,そらまめ　おたふく豆,5.9,237.0,1.4,4.5,5.9,,,,,,prosky
04022,そらまめ　ふき豆,4.5,251.0,0.8,3.7,4.5,,,,,,prosky
04076,そらまめ　しょうゆ豆,10.1,173.0,0.8,9.3,10.1,,,,,,prosky
04104,だいず　［全粒・全粒製品］　全粒　青大豆　国産　乾,20.1,354.0,,,,4.0,1.1,15.0,0.0,20.1,aoac2011.25
04105,だいず　［全粒・全粒製品］　全粒　青大豆　国産　ゆで,8.0,145.0,,,,0.9,0.6,6.4,0.0,8.0,aoac2011.25
04023,だいず　［全粒・全粒製品］　全粒　黄大豆　国産　乾,21.5,372.0,1.5,16.4,17.9,4.6,1.5,15.4,,21.5,both
04024,だいず　［全粒・全粒製品］　全粒　黄大豆　国産　ゆで,8.5,163.0,0.9,5.8,6.6,1.3,0.9,6.4,,8.5,both
04025,だいず　［全粒・全粒製品］　全粒　黄大豆　米国産　乾,15.9,402.0,0.9,15.0,15.9,,,,,,prosky
04026,だいず　［全粒・全粒製品］　全粒　黄大豆　中国産　乾,15.6,391.0,0.9,14.7,15.6,,,,,,prosky
04027,だいず　［全粒・全粒製品］　全粒　黄大豆　ブラジル産　乾,17.3,414.0,1.0,16.3,17.3,,,,,,prosky
04077,だいず　［全粒・全粒製品］　全粒　黒大豆　国産　乾,20.6,349.0,1.4,14.6,16.0,4.4,1.4,14.8,0.1,20.6,both
04106,だいず　［全粒・全粒製品］　全粒　黒大豆　国産　ゆで,7.9,155.0,,,,1.0,0.8,6.2,0.0,7.9,aoac2011.25
04080,だいず　［全粒・全粒製品］　いり大豆　青大豆,18.4,425.0,2.2,16.2,18.4,,,,,,prosky
04078,だいず　［全粒・全粒製品］　いり大豆　黄大豆,19.4,429.0,2.4,17.1,19.4,,,,,,prosky
04079,だいず　［全粒・全粒製品］　いり大豆　黒大豆,19.2,431.0,2.4,16.9,19.2,,,,,,prosky
04028,だいず　［全粒・全粒製品］　水煮缶詰　黄大豆,6.8,124.0,0.4,6.4,6.8,,,,,,prosky
04081,だいず　［全粒・全粒製品］　蒸し大豆　黄大豆,10.6,186.0,2.3,6.5,8.8,2.3,1.9,6.5,,10.6,both
04082,だいず　［全粒・全粒製品］　きな粉　青大豆　全粒大豆,16.9,424.0,1.9,15.0,16.9,,,,,,prosky
04096,だいず　［全粒・全粒製品］　きな粉　青大豆　脱皮大豆,20.8,418.0,,,,5.5,2.1,13.1,,20.8,aoac2011.25
04029,だいず　［全粒・全粒製品］　きな粉　黄大豆　全粒大豆,18.1,451.0,2.7,15.4,18.1,,,,,,prosky
04030,だいず　［全粒・全粒製品］　きな粉　黄大豆　脱皮大豆,15.3,456.0,2.4,12.9,15.3,,,,,,prosky
04109,だいず　［全粒・全粒製品］　きな粉（砂糖入り）　青きな粉,8.4,392.0,1.0,7.5,8.4,,,,,,prosky
04110,だいず　［全粒・全粒製品］　きな粉（砂糖入り）　きな粉,9.0,406.0,1.3,7.7,9.0,,,,,,prosky
04083,だいず　［全粒・全粒製品］　大豆はいが,18.8,404.0,2.8,16.0,18.8,,,,,,prosky
04031,だいず　［全粒・全粒製品］　ぶどう豆,6.3,265.0,1.3,5.0,6.3,,,,,,prosky
04032,だいず　［豆腐・油揚げ類］　木綿豆腐,1.1,73.0,0.1,0.3,0.4,0.5,0.2,0.3,0.0,1.1,both
04097,だいず　［豆腐・油揚げ類］　木綿豆腐　（凝固剤：塩化マグネシウム）,1.1,73.0,0.1,0.3,0.4,0.5,0.2,0.3,0.0,1.1,both
04098,だいず　［豆腐・油揚げ類］　木綿豆腐　（凝固剤：硫酸カルシウム）,1.1,73.0,0.1,0.3,0.4,0.5,0.2,0.3,0.0,1.1,both
04033,だいず　［豆腐・油揚げ類］　絹ごし豆腐,0.9,56.0,0.1,0.3,0.3,0.6,0.1,0.3,0.0,0.9,both
04099,だいず　［豆腐・油揚げ類］　絹ごし豆腐　（凝固剤：塩化マグネシウム）,0.9,56.0,0.1,0.3,0.3,0.6,0.1,0.3,0.0,0.9,both
04100,だいず　［豆腐・油揚げ類］　絹ごし豆腐　（凝固剤：硫酸カルシウム）,0.9,56.0,0.1,0.3,0.3,0.6,0.1,0.3,0.0,0.9,both
04034,だいず　［豆腐・油揚げ類］　ソフト豆腐,0.4,56.0,0.2,0.2,0.4,,,,,,prosky
04035,だいず　［豆腐・油揚げ類］　充てん豆腐,0.3,56.0,0.2,0.1,0.3,,,,,,prosky
04036,だいず　［豆腐・油揚げ類］　沖縄豆腐,0.5,99.0,0.2,0.3,0.5,,,,,,prosky
04037,だいず　［豆腐・油揚げ類］　ゆし豆腐,0.3,47.0,0.2,0.1,0.3,,,,,,prosky
04038,だいず　［豆腐・油揚げ類］　焼き豆腐,0.5,82.0,0.1,0.4,0.5,,,,,,prosky
04039,だいず　［豆腐・油揚げ類］　生揚げ,0.8,143.0,0.2,0.5,0.7,0.1,0.4,0.3,,0.8,both
04113,だいず　［豆腐・油揚げ類］　絹生揚げ,1.5,103.0,,,,0.9,0.2,0.4,0.0,1.5,aoac2011.25
04040,だいず　［豆腐・油揚げ類］　油揚げ　生,1.3,377.0,0.5,0.8,1.3,,,,,,prosky
04084,だいず　［豆腐・油揚げ類］　油揚げ　油抜き　生,0.9,266.0,0.4,0.5,0.9,,,,,,prosky
04086,だいず　［豆腐・油揚げ類］　油揚げ　油抜き　ゆで,0.6,164.0,0.2,0.4,0.6,,,,,,prosky
04085,だいず　［豆腐・油揚げ類］　油揚げ　油抜き　焼き,1.2,361.0,0.5,0.7,1.2,,,,,,prosky
04095,だいず　［豆腐・油揚げ類］　油揚げ　甘煮,0.5,231.0,0.2,0.4,0.5,,,,,,prosky
04041,だいず　［豆腐・油揚げ類］　がんもどき,1.4,223.0,0.6,0.8,1.4,,,,,,prosky
04042,だいず　［豆腐・油揚げ類］　凍り豆腐　乾,2.5,496.0,0.5,1.9,2.5,,,,,,prosky
04087,だいず　［豆腐・油揚げ類］　凍り豆腐　水煮,0.5,104.0,0.2,0.4,0.5,,,,,,prosky
04043,だいず　［豆腐・油揚げ類］　豆腐よう,0.8,183.0,0.3,0.5,0.8,,,,,,prosky
04044,だいず　［豆腐・油揚げ類］　豆腐竹輪　蒸し,0.8,121.0,0.2,0.6,0.8,,,,,,prosky
04045,だいず　［豆腐・油揚げ類］　豆腐竹輪　焼き,0.7,133.0,0.2,0.5,0.7,,,,,,prosky
04088,だいず　［豆腐・油揚げ類］　ろくじょう豆腐,3.2,332.0,0.9,2.3,3.2,,,,,,prosky
04046,だいず　［納豆類］　糸引き納豆,9.5,184.0,2.3,4.4,6.7,1.2,2.7,5.6,,9.5,both
04047,だいず　［納豆類］　挽きわり納豆,5.9,185.0,2.0,3.9,5.9,,,,,,prosky
04048,だいず　［納豆類］　五斗納豆,4.9,214.0,2.0,2.9,4.9,,,,,,prosky
04114,だいず　［納豆類］　塩納豆,6.0,137.0,,,,1.6,1.4,3.1,0.0,6.0,aoac2011.25
04049,だいず　［納豆類］　寺納豆,7.6,248.0,1.6,6.0,7.6,,,,,,prosky
04115,だいず　［納豆類］　干し納豆,17.2,357.0,,,,1.6,4.2,11.4,0.2,17.2,aoac2011.25
04051,だいず　［その他］　おから　生,11.5,88.0,0.4,11.1,11.5,,,,,,prosky
04089,だいず　［その他］　おから　乾燥,43.6,333.0,1.5,42.1,43.6,,,,,,prosky
04052,だいず　［その他］　豆乳　豆乳,0.9,43.0,0.2,0.0,0.2,0.6,0.2,0.1,0.0,0.9,both
04053,だいず　［その他］　豆乳　調製豆乳,1.1,61.0,0.2,0.1,0.3,0.8,0.3,0.0,0.0,1.1,both
04054,だいず　［その他］　豆乳　豆乳飲料・麦芽コーヒー,1.0,57.0,0.1,0.0,0.1,0.7,0.4,0.0,0.0,1.0,both
04055,だいず　［その他］　大豆たんぱく　粒状大豆たんぱく,17.8,318.0,5.9,11.9,17.8,,,,,,prosky
04056,だいず　［その他］　大豆たんぱく　濃縮大豆たんぱく,20.9,313.0,1.4,19.5,20.9,,,,,,prosky
04057,だいず　［その他］　大豆たんぱく　分離大豆たんぱく　塩分無調整タイプ,4.2,335.0,0.0,4.2,4.2,,,,,,prosky
04090,だいず　［その他］　大豆たんぱく　分離大豆たんぱく　塩分調整タイプ,4.2,335.0,0.0,4.2,4.2,,,,,,prosky
04058,だいず　［その他］　大豆たんぱく　繊維状大豆たんぱく,5.6,365.0,0.5,5.1,5.6,,,,,,prosky
04059,だいず　［その他］　湯葉　生,0.8,218.0,0.2,0.6,0.8,,,,,,prosky
04060,だいず　［その他］　湯葉　干し　乾,3.0,485.0,0.6,2.4,3.0,,,,,,prosky
04091,だいず　［その他］　湯葉　干し　湯戻し,1.2,151.0,0.3,0.9,1.2,,,,,,prosky
04061,だいず　［その他］　金山寺みそ,3.2,247.0,0.2,3.0,3.2,,,,,,prosky
04062,だいず　［その他］　ひしおみそ,2.8,198.0,0.9,1.9,2.8,,,,,,prosky
04063,だいず　［その他］　テンペ,10.2,180.0,2.1,8.1,10.2,,,,,,prosky
04064,つるあずき　全粒　乾,22.0,297.0,1.3,20.7,22.0,,,,,,prosky
04092,つるあずき　全粒　ゆで,13.4,132.0,0.6,12.8,13.4,,,,,,prosky
04065,ひよこまめ　全粒　乾,16.3,336.0,1.2,15.1,16.3,,,,,,prosky
04066,ひよこまめ　全粒　ゆで,11.6,149.0,0.5,11.1,11.6,,,,,,prosky
04067,ひよこまめ　全粒　フライ　味付け,21.0,366.0,1.1,19.9,21.0,,,,,,prosky
04068,べにばないんげん　全粒　乾,26.7,273.0,1.2,25.5,26.7,,,,,,prosky
04069,べにばないんげん　全粒　ゆで,7.6,103.0,0.7,6.9,7.6,,,,,,prosky
04108,やぶまめ　乾,,383.0,,,,,,,,,none
04070,らいまめ　全粒　乾,19.6,306.0,1.4,18.3,19.6,,,,,,prosky
04093,らいまめ　全粒　ゆで,10.9,122.0,0.8,10.2,10.9,,,,,,prosky
04071,りょくとう　全粒　乾,14.6,319.0,0.6,14.0,14.6,,,,,,prosky
04072,りょくとう　全粒　ゆで,5.2,125.0,0.4,4.8,5.2,,,,,,prosky
04073,レンズまめ　全粒　乾,16.7,313.0,1.0,15.7,16.7,,,,,,prosky
04094,レンズまめ　全粒　ゆで,9.4,149.0,0.9,8.5,9.4,,,,,,prosky
05001,アーモンド　乾,10.1,609.0,0.8,9.3,10.1,,,,,,prosky
05002,アーモンド　フライ　味付け,10.1,626.0,1.1,9.0,10.1,,,,,,prosky
05040,アーモンド　いり　無塩,11.0,608.0,1.1,10.0,11.0,,,,,,prosky
05003,あさ　乾,23.0,450.0,1.2,21.8,23.0,,,,,,prosky
05041,あまに　いり,23.8,540.0,9.1,14.7,23.8,,,,,,prosky
05004,えごま　乾,20.8,523.0,1.7,19.1,20.8,,,,,,prosky
05005,カシューナッツ　フライ　味付け,6.7,591.0,0.8,5.9,6.7,,,,,,prosky
05006,かぼちゃ　いり　味付け,7.3,590.0,1.8,5.5,7.3,,,,,,prosky
05007,かや　いり,18.2,629.0,2.5,15.7,18.2,,,,,,prosky
05008,ぎんなん　生,1.6,168.0,0.2,1.4,1.6,,,,,,prosky
05009,ぎんなん　ゆで,2.4,169.0,0.2,2.2,2.4,,,,,,prosky
05010,（くり類）　日本ぐり　生,4.2,147.0,0.3,3.9,4.2,,,,,,prosky
05011,（くり類）　日本ぐり　ゆで,6.6,152.0,0.3,6.3,6.6,,,,,,prosky
05012,（くり類）　日本ぐり　甘露煮,2.8,232.0,0.3,2.5,2.8,,,,,,prosky
05013,（くり類）　中国ぐり　甘ぐり,8.5,207.0,1.0,7.5,8.5,,,,,,prosky
05014,くるみ　いり,7.5,713.0,0.6,6.9,7.5,,,,,,prosky
05015,けし　乾,16.5,555.0,1.9,14.6,16.5,,,,,,prosky
05016,ココナッツ　ココナッツパウダー,14.1,676.0,0.5,13.6,14.1,,,,,,prosky
05017,ごま　乾,10.8,604.0,1.6,9.2,10.8,,,,,,prosky
05018,ごま　いり,12.6,605.0,2.5,10.1,12.6,,,,,,prosky
05019,ごま　むき,13.0,570.0,0.6,12.4,13.0,,,,,,prosky
05042,ごま　ねり,11.2,646.0,1.8,9.4,11.2,,,,,,prosky
05020,しい　生,3.3,244.0,0.7,2.6,3.3,,,,,,prosky
05021,すいか　いり　味付け,7.1,528.0,1.1,6.0,7.1,,,,,,prosky
05046,チアシード　乾,36.9,446.0,,,,1.9,3.8,31.2,0.1,36.9,aoac2011.25
05022,とち　蒸し,6.6,148.0,1.0,5.6,6.6,,,,,,prosky
05023,はす　未熟　生,2.6,81.0,0.3,2.3,2.6,,,,,,prosky
05024,はす　成熟　乾,10.3,327.0,1.3,9.0,10.3,,,,,,prosky
05043,はす　成熟　ゆで,5.0,118.0,0.6,4.4,5.0,,,,,,prosky
05025,（ひし類）　ひし　生,2.9,183.0,0.5,2.4,2.9,,,,,,prosky
05047,（ひし類）　とうびし　生,8.2,122.0,,,,0.6,0.8,6.9,0.5,8.2,aoac2011.25
05048,（ひし類）　とうびし　ゆで,5.1,120.0,,,,0.5,0.8,3.8,2.1,5.1,aoac2011.25
05026,ピスタチオ　いり　味付け,9.2,617.0,0.9,8.3,9.2,,,,,,prosky
05027,ひまわり　フライ　味付け,7.9,603.0,0.8,6.1,6.9,1.7,0.5,5.7,0.1,7.9,both
05028,ブラジルナッツ　フライ　味付け,7.2,703.0,0.3,6.9,7.2,,,,,,prosky
05029,ヘーゼルナッツ　フライ　味付け,7.4,701.0,0.9,6.5,7.4,,,,,,prosky
05030,ペカン　フライ　味付け,7.1,716.0,0.7,6.4,7.1,,,,,,prosky
05031,マカダミアナッツ　いり　味付け,6.2,751.0,0.0,6.2,6.2,,,,,,prosky
05032,まつ　生,4.1,681.0,1.0,3.1,4.1,,,,,,prosky
05033,まつ　いり,6.9,724.0,0.5,6.4,6.9,,,,,,prosky
05034,らっかせい　大粒種　乾,8.5,572.0,0.5,7.0,7.4,0.7,0.6,7.2,0.0,8.5,both
05035,らっかせい　大粒種　いり,11.4,613.0,0.3,6.9,7.1,0.8,0.7,9.8,0.1,11.4,both
05044,らっかせい　小粒種　乾,7.4,573.0,0.4,7.0,7.4,,,,,,prosky
05045,らっかせい　小粒種　いり,7.2,607.0,0.3,6.9,7.2,,,,,,prosky
05036,らっかせい　バターピーナッツ,9.5,609.0,0.5,6.4,6.8,0.6,1.0,7.9,0.0,9.5,both
05037,らっかせい　ピーナッツバター,7.6,599.0,0.6,5.5,6.1,0.8,0.8,6.0,0.1,7.6,both
06001,アーティチョーク　花らい　生,8.7,39.0,6.1,2.6,8.7,,,,,,prosky
06002,アーティチョーク　花らい　ゆで,8.6,35.0,6.3,2.3,8.6,,,,,,prosky
06402,アイスプラント　生,0.8,5.0,,,,0.0,0.2,0.5,,0.8,aoac2011.25
06003,あさつき　葉　生,3.3,34.0,0.7,2.6,3.3,,,,,,prosky
06004,あさつき　葉　ゆで,3.4,41.0,1.3,2.1,3.4,,,,,,prosky
06005,あしたば　茎葉　生,5.6,30.0,1.5,4.1,5.6,,,,,,prosky
06006,あしたば　茎葉　ゆで,5.3,28.0,1.4,3.9,5.3,,,,,,prosky
06007,アスパラガス　若茎　生,1.8,21.0,0.4,1.4,1.8,,,,,,prosky
06008,アスパラガス　若茎　ゆで,2.1,25.0,0.5,1.6,2.1,,,,,,prosky
06327,アスパラガス　若茎　油いため,2.1,54.0,0.4,1.7,2.1,,,,,,prosky
06009,アスパラガス　水煮缶詰,1.7,24.0,0.4,1.3,1.7,,,,,,prosky
06328,アロエ　葉　生,0.4,3.0,0.1,0.3,0.4,,,,,,prosky
06010,いんげんまめ　さやいんげん　若ざや　生,2.4,23.0,0.3,2.1,2.4,,,,,,prosky
06011,いんげんまめ　さやいんげん　若ざや　ゆで,3.9,24.0,0.6,2.0,2.6,0.1,1.6,2.2,0.0,3.9,both
06012,（うど類）　うど　茎　生,1.4,19.0,0.3,1.1,1.4,,,,,,prosky
06013,（うど類）　うど　茎　水さらし,1.6,13.0,0.3,1.3,1.6,,,,,,prosky
06014,（うど類）　やまうど　茎　生,1.8,19.0,0.3,1.5,1.8,,,,,,prosky
06363,うるい　葉　生,3.3,19.0,0.8,2.5,3.3,,,,,,prosky
06015,えだまめ　生,5.0,125.0,0.4,4.6,5.0,,,,,,prosky
06016,えだまめ　ゆで,4.6,118.0,0.5,4.1,4.6,,,,,,prosky
06017,えだまめ　冷凍,7.3,143.0,1.4,5.9,7.3,,,,,,prosky
06018,エンダイブ　葉　生,2.2,14.0,0.6,1.6,2.2,,,,,,prosky
06019,（えんどう類）　トウミョウ　茎葉　生,3.3,28.0,0.2,3.1,3.3,,,,,,prosky
06329,（えんどう類）　トウミョウ　芽ばえ　生,2.2,27.0,0.2,2.0,2.2,,,,,,prosky
06330,（えんどう類）　トウミョウ　芽ばえ　ゆで,3.5,28.0,0.5,3.0,3.5,,,,,,prosky
06331,（えんどう類）　トウミョウ　芽ばえ　油いため,3.0,84.0,0.5,2.4,3.0,,,,,,prosky
06020,（えんどう類）　さやえんどう　若ざや　生,3.0,38.0,0.3,2.7,3.0,,,,,,prosky
06021,（えんどう類）　さやえんどう　若ざや　ゆで,3.1,36.0,0.9,2.2,3.1,,,,,,prosky
06022,（えんどう類）　スナップえんどう　若ざや　生,2.5,47.0,0.3,2.2,2.5,,,,,,prosky
06023,（えんどう類）　グリンピース　生,7.7,76.0,0.6,7.1,7.7,,,,,,prosky
06024,（えんどう類）　グリンピース　ゆで,8.6,99.0,0.9,7.7,8.6,,,,,,prosky
06025,（えんどう類）　グリンピース　冷凍,9.3,80.0,0.6,5.3,5.8,0.8,1.5,7.1,1.2,9.3,both
06374,（えんどう類）　グリンピース　冷凍　ゆで,10.3,82.0,,,,1.0,1.2,8.1,1.6,10.3,aoac2011.25
06375,（えんどう類）　グリンピース　冷凍　油いため,9.3,114.0,,,,0.9,1.3,7.2,1.5,9.3,aoac2011.25
06026,（えんどう類）　グリンピース　水煮缶詰,6.9,82.0,0.8,6.1,6.9,,,,,,prosky
06027,おおさかしろな　葉　生,1.8,12.0,0.2,1.6,1.8,,,,,,prosky
06028,おおさかしろな　葉　ゆで,2.2,16.0,0.6,1.6,2.2,,,,,,prosky
06029,おおさかしろな　塩漬,3.1,19.0,0.2,2.9,3.1,,,,,,prosky
06030,おかひじき　茎葉　生,2.5,16.0,0.5,2.0,2.5,,,,,,prosky
06031,おかひじき　茎葉　ゆで,2.7,16.0,0.5,2.2,2.7,,,,,,prosky
06032,オクラ　果実　生,5.0,26.0,1.4,3.6,5.0,,,,,,prosky
06033,オクラ　果実　ゆで,5.4,25.0,1.6,3.6,5.2,0.0,1.7,3.7,,5.4,both
06034,かぶ　葉　生,2.9,20.0,0.3,2.6,2.9,,,,,,prosky
06035,かぶ　葉　ゆで,3.7,20.0,0.5,3.2,3.7,,,,,,prosky
06036,かぶ　根　皮つき　生,1.5,18.0,0.3,1.2,1.5,,,,,,prosky
06037,かぶ　根　皮つき　ゆで,1.8,18.0,0.5,1.3,1.8,,,,,,prosky
06038,かぶ　根　皮なし　生,1.4,19.0,0.3,1.1,1.4,,,,,,prosky
06039,かぶ　根　皮なし　ゆで,1.7,20.0,0.5,1.2,1.7,,,,,,prosky
06040,かぶ　漬物　塩漬　葉,3.6,27.0,0.8,2.8,3.6,,,,,,prosky
06041,かぶ　漬物　塩漬　根　皮つき,1.9,21.0,0.5,1.4,1.9,,,,,,prosky
06042,かぶ　漬物　塩漬　根　皮なし,2.0,19.0,0.4,1.6,2.0,,,,,,prosky
06043,かぶ　漬物　ぬかみそ漬　葉,4.0,35.0,0.8,3.2,4.0,,,,,,prosky
06044,かぶ　漬物　ぬかみそ漬　根　皮つき,2.0,27.0,0.5,1.5,2.0,,,,,,prosky
06045,かぶ　漬物　ぬかみそ漬　根　皮なし,1.8,31.0,0.7,1.1,1.8,,,,,,prosky
06046,（かぼちゃ類）　日本かぼちゃ　果実　生,2.8,41.0,0.7,2.1,2.8,,,,,,prosky
06047,（かぼちゃ類）　日本かぼちゃ　果実　ゆで,3.0,55.0,0.8,2.8,3.6,0.1,1.1,1.8,,3.0,both
06048,（かぼちゃ類）　西洋かぼちゃ　果実　生,3.5,78.0,0.9,2.6,3.5,,,,,,prosky
06049,（かぼちゃ類）　西洋かぼちゃ　果実　ゆで,4.1,80.0,0.9,3.2,4.1,,,,,,prosky
06332,（かぼちゃ類）　西洋かぼちゃ　果実　焼き,5.3,105.0,1.3,3.9,5.3,,,,,,prosky
06050,（かぼちゃ類）　西洋かぼちゃ　果実　冷凍,4.2,75.0,0.9,3.3,4.2,,,,,,prosky
06051,（かぼちゃ類）　そうめんかぼちゃ　果実　生,1.5,25.0,0.3,1.2,1.5,,,,,,prosky
06052,からしな　葉　生,3.7,26.0,0.9,2.8,3.7,,,,,,prosky
06053,からしな　塩漬,5.0,36.0,1.0,4.0,5.0,,,,,,prosky
06054,カリフラワー　花序　生,2.9,28.0,0.4,2.5,2.9,,,,,,prosky
06055,カリフラワー　花序　ゆで,3.2,26.0,0.7,2.5,3.2,,,,,,prosky
06056,かんぴょう　乾,30.1,239.0,6.8,23.3,30.1,,,,,,prosky
06057,かんぴょう　ゆで,5.3,21.0,1.9,3.4,5.3,,,,,,prosky
06364,かんぴょう　甘煮,5.5,146.0,2.6,2.9,5.5,,,,,,prosky
06058,きく　花びら　生,3.4,25.0,0.8,2.6,3.4,,,,,,prosky
06059,きく　花びら　ゆで,2.9,21.0,0.8,2.1,2.9,,,,,,prosky
06060,きく　菊のり,29.6,283.0,8.2,21.4,29.6,,,,,,prosky
06061,（キャベツ類）　キャベツ　結球葉　生,1.8,23.0,0.4,1.4,1.8,0.1,0.2,1.5,,1.8,both
06062,（キャベツ類）　キャベツ　結球葉　ゆで,2.0,19.0,0.5,1.5,2.0,,,,,,prosky
06333,（キャベツ類）　キャベツ　結球葉　油いため,2.2,78.0,0.6,1.6,2.2,,,,,,prosky
06403,（キャベツ類）　キャベツ　結球葉　カット　常法洗浄,1.9,15.0,,,,0.0,0.2,1.7,,1.9,aoac2011.25
06404,（キャベツ類）　キャベツ　結球葉　カット　次亜塩素酸洗浄,2.0,14.0,,,,0.1,0.3,1.7,,2.0,aoac2011.25
06063,（キャベツ類）　グリーンボール　結球葉　生,1.6,20.0,0.3,1.3,1.6,,,,,,prosky
06064,（キャベツ類）　レッドキャベツ　結球葉　生,2.8,30.0,0.6,2.2,2.8,,,,,,prosky
06065,きゅうり　果実　生,1.1,13.0,0.2,0.9,1.1,,,,,,prosky
06066,きゅうり　漬物　塩漬,1.3,17.0,0.3,1.0,1.3,,,,,,prosky
06067,きゅうり　漬物　しょうゆ漬,3.4,51.0,0.7,2.7,3.4,,,,,,prosky
06068,きゅうり　漬物　ぬかみそ漬,1.5,28.0,0.4,1.1,1.5,,,,,,prosky
06069,きゅうり　漬物　ピクルス　スイート型,1.7,70.0,0.3,1.4,1.7,,,,,,prosky
06070,きゅうり　漬物　ピクルス　サワー型,1.4,13.0,0.3,1.1,1.4,,,,,,prosky
06071,ぎょうじゃにんにく　葉　生,3.3,35.0,0.5,2.8,3.3,,,,,,prosky
06075,キンサイ　茎葉　生,2.5,16.0,0.3,2.2,2.5,,,,,,prosky
06076,キンサイ　茎葉　ゆで,2.9,15.0,0.6,2.3,2.9,,,,,,prosky
06077,クレソン　茎葉　生,2.5,13.0,0.2,2.3,2.5,,,,,,prosky
06078,くわい　塊茎　生,2.4,128.0,0.6,1.8,2.4,,,,,,prosky
06079,くわい　塊茎　ゆで,2.8,129.0,0.8,2.0,2.8,,,,,,prosky
06080,ケール　葉　生,3.7,26.0,0.5,3.2,3.7,,,,,,prosky
06081,コールラビ　球茎　生,1.9,21.0,0.3,1.6,1.9,,,,,,prosky
06082,コールラビ　球茎　ゆで,2.3,20.0,0.7,1.6,2.3,,,,,,prosky
06083,こごみ　若芽　生,5.2,25.0,0.5,4.7,5.2,,,,,,prosky
06084,（ごぼう類）　ごぼう　根　生,5.7,58.0,2.3,3.4,5.7,,,,,,prosky
06085,（ごぼう類）　ごぼう　根　ゆで,6.1,50.0,2.7,3.4,6.1,,,,,,prosky
06405,（ごぼう類）　堀川ごぼう　根　生,18.3,55.0,,,,6.1,6.4,5.8,0.0,18.3,aoac2011.25
06086,こまつな　葉　生,1.9,13.0,0.4,1.5,1.9,,,,,,prosky
06087,こまつな　葉　ゆで,2.4,14.0,0.6,1.8,2.4,,,,,,prosky
06385,コリアンダー　葉　生,4.2,18.0,,,,0.0,0.8,3.3,,4.2,aoac2011.25
06088,ザーサイ　漬物,4.6,20.0,0.9,3.7,4.6,,,,,,prosky
06089,さんとうさい　葉　生,2.2,12.0,0.4,1.8,2.2,,,,,,prosky
06090,さんとうさい　葉　ゆで,2.5,14.0,0.7,1.8,2.5,,,,,,prosky
06091,さんとうさい　塩漬,3.0,18.0,0.5,2.5,3.0,,,,,,prosky
06092,しかくまめ　若ざや　生,3.2,19.0,0.2,3.0,3.2,,,,,,prosky
06093,（ししとう類）　ししとう　果実　生,3.6,24.0,0.3,3.3,3.6,,,,,,prosky
06094,（ししとう類）　ししとう　果実　油いため,3.6,51.0,0.3,3.3,3.6,,,,,,prosky
06406,（ししとう類）　万願寺とうがらし　果実　生,3.2,26.0,,,0.0,0.1,0.6,2.4,0.0,3.2,both
06095,しそ　葉　生,7.3,32.0,0.8,6.5,7.3,,,,,,prosky
06096,しそ　実　生,8.9,32.0,0.8,8.1,8.9,,,,,,prosky
06097,じゅうろくささげ　若ざや　生,4.2,22.0,0.3,3.9,4.2,,,,,,prosky
06098,じゅうろくささげ　若ざや　ゆで,4.5,28.0,1.2,3.3,4.5,,,,,,prosky
06099,しゅんぎく　葉　生,3.2,20.0,0.8,2.4,3.2,,,,,,prosky
06100,しゅんぎく　葉　ゆで,3.7,25.0,1.1,2.6,3.7,,,,,,prosky
06101,じゅんさい　若葉　水煮びん詰,1.0,4.0,0.4,0.6,1.0,,,,,,prosky
06102,（しょうが類）　葉しょうが　根茎　生,1.6,9.0,0.1,1.5,1.6,,,,,,prosky
06103,（しょうが類）　しょうが　根茎　皮なし　生,2.1,28.0,0.2,1.9,2.1,,,,,,prosky
06365,（しょうが類）　しょうが　根茎　皮なし　生　おろし,7.4,58.0,0.2,7.3,7.4,,,,,,prosky
06366,（しょうが類）　しょうが　根茎　皮なし　生　おろし汁,0.3,17.0,0.2,0.2,0.3,,,,,,prosky
06104,（しょうが類）　しょうが　漬物　酢漬,2.2,15.0,0.2,2.0,2.2,,,,,,prosky
06105,（しょうが類）　しょうが　漬物　甘酢漬,1.8,44.0,0.2,1.6,1.8,,,,,,prosky
06386,（しょうが類）　新しょうが　根茎　生,1.9,10.0,,,,0.0,0.2,1.7,0.0,1.9,aoac2011.25
06106,しろうり　果実　生,1.2,15.0,0.2,1.0,1.2,,,,,,prosky
06107,しろうり　漬物　塩漬,2.2,15.0,0.3,1.9,2.2,,,,,,prosky
06108,しろうり　漬物　奈良漬,2.6,216.0,0.8,1.8,2.6,,,,,,prosky
06109,ずいき　生ずいき　生,1.6,15.0,0.4,1.2,1.6,,,,,,prosky
06110,ずいき　生ずいき　ゆで,2.1,10.0,0.3,1.8,2.1,,,,,,prosky
06111,ずいき　干しずいき　乾,25.8,232.0,4.8,21.0,25.8,,,,,,prosky
06112,ずいき　干しずいき　ゆで,3.1,9.0,0.3,2.8,3.1,,,,,,prosky
06387,すいぜんじな　葉　生,4.0,16.0,,,,0.0,1.5,2.4,,4.0,aoac2011.25
06113,すぐきな　葉　生,4.0,23.0,0.7,3.3,4.0,,,,,,prosky
06114,すぐきな　根　生,1.7,19.0,0.6,1.1,1.7,,,,,,prosky
06115,すぐきな　すぐき漬,5.2,30.0,0.9,4.3,5.2,,,,,,prosky
06116,ズッキーニ　果実　生,1.3,16.0,0.2,1.1,1.3,,,,,,prosky
06117,せり　茎葉　生,2.5,17.0,0.4,2.1,2.5,,,,,,prosky
06118,せり　茎葉　ゆで,2.8,17.0,0.6,2.2,2.8,,,,,,prosky
06119,セロリ　葉柄　生,1.5,12.0,0.3,1.2,1.5,,,,,,prosky
06120,ぜんまい　生ぜんまい　若芽　生,3.8,27.0,0.7,3.1,3.8,,,,,,prosky
06121,ぜんまい　生ぜんまい　若芽　ゆで,3.5,17.0,0.6,2.9,3.5,,,,,,prosky
06122,ぜんまい　干しぜんまい　干し若芽　乾,34.8,277.0,6.1,28.7,34.8,,,,,,prosky
06123,ぜんまい　干しぜんまい　干し若芽　ゆで,5.2,25.0,0.7,4.5,5.2,,,,,,prosky
06124,そらまめ　未熟豆　生,2.6,102.0,0.2,2.4,2.6,,,,,,prosky
06125,そらまめ　未熟豆　ゆで,4.0,103.0,0.4,3.6,4.0,,,,,,prosky
06126,タアサイ　葉　生,1.9,12.0,0.2,1.7,1.9,,,,,,prosky
06127,タアサイ　葉　ゆで,2.1,11.0,0.3,1.8,2.1,,,,,,prosky
06128,（だいこん類）　かいわれだいこん　芽ばえ　生,1.9,21.0,0.3,1.6,1.9,,,,,,prosky
06129,（だいこん類）　葉だいこん　葉　生,2.6,17.0,0.5,2.1,2.6,,,,,,prosky
06130,（だいこん類）　だいこん　葉　生,4.0,23.0,0.8,3.2,4.0,,,,,,prosky
06131,（だいこん類）　だいこん　葉　ゆで,3.6,24.0,0.8,2.8,3.6,,,,,,prosky
06132,（だいこん類）　だいこん　根　皮つき　生,1.4,15.0,0.5,0.9,1.4,,,,,,prosky
06133,（だいこん類）　だいこん　根　皮つき　ゆで,1.6,15.0,0.5,1.1,1.6,,,,,,prosky
06134,（だいこん類）　だいこん　根　皮なし　生,1.3,15.0,0.5,0.8,1.3,,,,,,prosky
06367,（だいこん類）　だいこん　根　皮なし　生　おろし,5.1,25.0,1.4,3.7,5.1,,,,,,prosky
06368,（だいこん類）　だいこん　根　皮なし　生　おろし汁,0.1,12.0,0.0,0.0,0.1,,,,,,prosky
06369,（だいこん類）　だいこん　根　皮なし　生　おろし水洗い,4.7,23.0,1.0,3.8,4.7,,,,,,prosky
06135,（だいこん類）　だいこん　根　皮なし　ゆで,1.7,15.0,0.8,0.9,1.7,,,,,,prosky
06136,（だいこん類）　切干しだいこん　乾,21.3,280.0,5.2,16.1,21.3,,,,,,prosky
06334,（だいこん類）　切干しだいこん　ゆで,3.7,13.0,0.6,3.2,3.7,,,,,,prosky
06335,（だいこん類）　切干しだいこん　油いため,5.6,78.0,1.5,4.1,5.6,,,,,,prosky
06388,（だいこん類）　漬物　いぶりがっこ,7.1,76.0,,,,0.3,1.0,5.8,,7.1,aoac2011.25
06137,（だいこん類）　漬物　ぬかみそ漬,1.8,29.0,0.7,1.1,1.8,,,,,,prosky
06138,（だいこん類）　漬物　たくあん漬　塩押しだいこん漬,2.3,43.0,0.7,1.6,2.3,,,,,,prosky
06139,（だいこん類）　漬物　たくあん漬　干しだいこん漬,3.7,23.0,0.6,3.1,3.7,,,,,,prosky
06140,（だいこん類）　漬物　守口漬,3.3,194.0,1.0,2.3,3.3,,,,,,prosky
06141,（だいこん類）　漬物　べったら漬,1.6,53.0,0.6,1.0,1.6,,,,,,prosky
06142,（だいこん類）　漬物　みそ漬,2.1,52.0,0.5,1.6,2.1,,,,,,prosky
06143,（だいこん類）　漬物　福神漬,3.9,137.0,0.8,3.1,3.9,,,,,,prosky
06144,（たいさい類）　つまみな　葉　生,2.3,19.0,0.3,2.0,2.3,,,,,,prosky
06145,（たいさい類）　たいさい　葉　生,1.6,15.0,0.4,1.2,1.6,,,,,,prosky
06146,（たいさい類）　たいさい　塩漬,2.5,19.0,0.2,2.3,2.5,,,,,,prosky
06147,たかな　葉　生,2.5,21.0,0.8,1.7,2.5,,,,,,prosky
06148,たかな　たかな漬,4.0,30.0,0.8,3.2,4.0,,,,,,prosky
06149,たけのこ　若茎　生,2.8,27.0,0.3,2.5,2.8,,,,,,prosky
06150,たけのこ　若茎　ゆで,3.3,31.0,0.4,2.9,3.3,,,,,,prosky
06151,たけのこ　水煮缶詰,2.3,22.0,0.5,1.8,2.3,,,,,,prosky
06152,たけのこ　めんま　塩蔵　塩抜き,3.5,15.0,0.3,3.2,3.5,,,,,,prosky
06153,（たまねぎ類）　たまねぎ　りん茎　生,1.5,33.0,0.4,1.0,1.5,,,,,,prosky
06154,（たまねぎ類）　たまねぎ　りん茎　水さらし,1.5,24.0,0.5,1.0,1.5,,,,,,prosky
06155,（たまねぎ類）　たまねぎ　りん茎　ゆで,1.7,30.0,0.7,1.0,1.7,,,,,,prosky
06336,（たまねぎ類）　たまねぎ　りん茎　油いため,2.7,100.0,1.7,0.9,2.7,,,,,,prosky
06389,（たまねぎ類）　たまねぎ　りん茎　油いため　（あめ色たまねぎ）,,208.0,,,,,,,,,none
06156,（たまねぎ類）　赤たまねぎ　りん茎　生,1.7,34.0,0.6,1.1,1.7,,,,,,prosky
06337,（たまねぎ類）　葉たまねぎ　りん茎及び葉　生,3.0,33.0,0.7,2.3,3.0,,,,,,prosky
06157,たらのめ　若芽　生,4.2,27.0,1.1,3.1,4.2,,,,,,prosky
06158,たらのめ　若芽　ゆで,3.6,27.0,1.1,2.5,3.6,,,,,,prosky
06159,チコリ　若芽　生,1.1,17.0,0.2,0.9,1.1,,,,,,prosky
06376,ちぢみゆきな　葉　生,3.9,35.0,1.3,2.6,3.9,,,,,,prosky
06377,ちぢみゆきな　葉　ゆで,4.3,34.0,1.5,2.8,4.3,,,,,,prosky
06160,チンゲンサイ　葉　生,1.2,9.0,0.2,1.0,1.2,,,,,,prosky
06161,チンゲンサイ　葉　ゆで,1.5,11.0,0.3,1.2,1.5,,,,,,prosky
06338,チンゲンサイ　葉　油いため,1.4,36.0,0.4,1.0,1.4,,,,,,prosky
06162,つくし　胞子茎　生,8.1,31.0,1.2,6.9,8.1,,,,,,prosky
06163,つくし　胞子茎　ゆで,6.7,28.0,1.1,5.6,6.7,,,,,,prosky
06164,つるな　茎葉　生,2.3,15.0,0.5,1.8,2.3,,,,,,prosky
06390,つるにんじん　根　生,17.1,55.0,,,,8.2,2.5,6.4,,17.1,aoac2011.25
06165,つるむらさき　茎葉　生,2.2,11.0,0.6,1.6,2.2,,,,,,prosky
06166,つるむらさき　茎葉　ゆで,3.1,12.0,0.5,2.6,3.1,,,,,,prosky
06167,つわぶき　葉柄　生,2.5,19.0,0.4,2.1,2.5,,,,,,prosky
06168,つわぶき　葉柄　ゆで,2.3,14.0,0.2,2.1,2.3,,,,,,prosky
06169,とうがらし　葉･果実　生,5.7,32.0,0.7,5.0,5.7,,,,,,prosky
06170,とうがらし　葉･果実　油いため,6.3,81.0,0.8,5.5,6.3,,,,,,prosky
06171,とうがらし　果実　生,10.3,72.0,1.4,8.9,10.3,,,,,,prosky
06172,とうがらし　果実　乾,46.4,270.0,5.4,41.0,46.4,,,,,,prosky
06173,とうがん　果実　生,1.3,15.0,0.4,0.9,1.3,,,,,,prosky
06174,とうがん　果実　ゆで,1.5,15.0,0.5,1.0,1.5,,,,,,prosky
06175,（とうもろこし類）　スイートコーン　未熟種子　生,3.0,89.0,0.3,2.7,3.0,,,,,,prosky
06176,（とうもろこし類）　スイートコーン　未熟種子　ゆで,3.1,95.0,0.3,2.8,3.1,,,,,,prosky
06339,（とうもろこし類）　スイートコーン　未熟種子　電子レンジ調理,3.4,104.0,0.3,3.1,3.4,,,,,,prosky
06177,（とうもろこし類）　スイートコーン　未熟種子　穂軸つき　冷凍,2.8,96.0,0.3,2.5,2.8,,,,,,prosky
06178,（とうもろこし類）　スイートコーン　未熟種子　カーネル　冷凍,4.8,91.0,0.2,2.6,2.8,0.1,0.6,4.1,0.2,4.8,both
06378,（とうもろこし類）　スイートコーン　未熟種子　カーネル　冷凍　ゆで,6.2,92.0,,,,0.1,0.6,5.5,0.2,6.2,aoac2011.25
06379,（とうもろこし類）　スイートコーン　未熟種子　カーネル　冷凍　油いため,4.7,125.0,,,,0.1,0.6,4.0,0.3,4.7,aoac2011.25
06179,（とうもろこし類）　スイートコーン　缶詰　クリームスタイル,1.8,82.0,0.2,1.6,1.8,,,,,,prosky
06180,（とうもろこし類）　スイートコーン　缶詰　ホールカーネルスタイル,3.3,78.0,0.7,2.6,3.3,,,,,,prosky
06181,（とうもろこし類）　ヤングコーン　幼雌穂　生,2.7,29.0,0.2,2.5,2.7,,,,,,prosky
06182,（トマト類）　赤色トマト　果実　生,1.0,20.0,0.3,0.7,1.0,,,,,,prosky
06183,（トマト類）　赤色ミニトマト　果実　生,1.4,30.0,0.4,1.0,1.4,,,,,,prosky
06391,（トマト類）　黄色トマト　果実　生,1.3,18.0,,,,0.0,0.3,0.9,,1.3,aoac2011.25
06370,（トマト類）　ドライトマト,21.7,291.0,6.4,15.3,21.7,,,,,,prosky
06184,（トマト類）　加工品　ホール　食塩無添加,1.3,21.0,0.5,0.8,1.3,,,,,,prosky
06185,（トマト類）　加工品　トマトジュース　食塩添加,0.7,15.0,0.3,0.4,0.7,,,,,,prosky
06340,（トマト類）　加工品　トマトジュース　食塩無添加,0.7,18.0,0.3,0.4,0.7,,,,,,prosky
06186,（トマト類）　加工品　ミックスジュース　食塩添加,0.7,18.0,0.4,0.3,0.7,,,,,,prosky
06341,（トマト類）　加工品　ミックスジュース　食塩無添加,0.7,18.0,0.4,0.3,0.7,,,,,,prosky
06187,トレビス　葉　生,2.0,17.0,0.5,1.5,2.0,,,,,,prosky
06188,とんぶり　ゆで,7.1,89.0,0.6,6.5,7.1,,,,,,prosky
06189,ながさきはくさい　葉　生,2.2,12.0,0.4,1.8,2.2,,,,,,prosky
06190,ながさきはくさい　葉　ゆで,2.4,18.0,0.7,1.7,2.4,,,,,,prosky
06191,（なす類）　なす　果実　生,2.2,18.0,0.3,1.9,2.2,,,,,,prosky
06192,（なす類）　なす　果実　ゆで,2.1,17.0,0.7,1.4,2.1,,,,,,prosky
06342,（なす類）　なす　果実　油いため,2.6,73.0,0.9,1.8,2.6,,,,,,prosky
06343,（なす類）　なす　果実　天ぷら,1.9,165.0,0.7,1.3,1.9,,,,,,prosky
06193,（なす類）　べいなす　果実　生,2.4,20.0,0.3,2.1,2.4,,,,,,prosky
06194,（なす類）　べいなす　果実　素揚げ,1.8,177.0,0.7,1.1,1.8,,,,,,prosky
06195,（なす類）　漬物　塩漬,2.7,22.0,0.5,2.2,2.7,,,,,,prosky
06196,（なす類）　漬物　ぬかみそ漬,2.7,27.0,0.6,2.1,2.7,,,,,,prosky
06197,（なす類）　漬物　こうじ漬,4.2,87.0,0.8,3.4,4.2,,,,,,prosky
06198,（なす類）　漬物　からし漬,4.2,127.0,1.0,3.2,4.2,,,,,,prosky
06199,（なす類）　漬物　しば漬,4.4,27.0,0.6,3.8,4.4,,,,,,prosky
06200,なずな　葉　生,5.4,35.0,0.5,4.9,5.4,,,,,,prosky
06201,（なばな類）　和種なばな　花らい・茎　生,4.2,34.0,0.7,3.5,4.2,,,,,,prosky
06202,（なばな類）　和種なばな　花らい・茎　ゆで,4.3,28.0,1.3,3.0,4.3,,,,,,prosky
06203,（なばな類）　洋種なばな　茎葉　生,3.7,36.0,0.7,3.0,3.7,,,,,,prosky
06204,（なばな類）　洋種なばな　茎葉　ゆで,4.1,30.0,1.1,3.0,4.1,,,,,,prosky
06205,にがうり　果実　生,2.6,15.0,0.5,2.1,2.6,,,,,,prosky
06206,にがうり　果実　油いため,2.8,47.0,0.5,2.3,2.8,,,,,,prosky
06207,（にら類）　にら　葉　生,2.7,18.0,0.5,2.2,2.7,,,,,,prosky
06208,（にら類）　にら　葉　ゆで,4.3,27.0,0.8,3.5,4.3,,,,,,prosky
06344,（にら類）　にら　葉　油いため,3.5,69.0,1.3,2.2,3.5,,,,,,prosky
06209,（にら類）　花にら　花茎・花らい　生,2.8,27.0,0.5,2.3,2.8,,,,,,prosky
06210,（にら類）　黄にら　葉　生,2.0,18.0,0.4,1.6,2.0,,,,,,prosky
06211,（にんじん類）　葉にんじん　葉　生,2.7,16.0,0.5,2.2,2.7,,,,,,prosky
06212,（にんじん類）　にんじん　根　皮つき　生,2.8,35.0,0.7,2.1,2.8,,,,,,prosky
06213,（にんじん類）　にんじん　根　皮つき　ゆで,3.0,29.0,1.0,1.9,3.0,,,,,,prosky
06214,（にんじん類）　にんじん　根　皮なし　生,2.8,32.0,0.8,1.9,2.7,0.1,0.6,2.0,,2.8,both
06215,（にんじん類）　にんじん　根　皮なし　ゆで,2.8,28.0,0.8,2.0,2.8,,,,,,prosky
06345,（にんじん類）　にんじん　根　皮なし　油いため,3.1,103.0,1.0,2.1,3.1,,,,,,prosky
06346,（にんじん類）　にんじん　根　皮なし　素揚げ,1.1,87.0,0.3,0.8,1.1,,,,,,prosky
06407,（にんじん類）　にんじん　根　皮なし　カット　常法洗浄,2.7,27.0,,,,0.1,0.6,2.1,,2.7,aoac2011.25
06408,（にんじん類）　にんじん　根　皮なし　カット　次亜塩素酸洗浄,2.6,27.0,,,,0.1,0.5,2.1,,2.6,aoac2011.25
06347,（にんじん類）　にんじん　根　皮　生,3.8,26.0,1.3,2.5,3.8,,,,,,prosky
06216,（にんじん類）　にんじん　根　冷凍,4.1,30.0,1.0,1.8,2.9,0.1,1.1,2.9,0.0,4.1,both
06380,（にんじん類）　にんじん　根　冷凍　ゆで,3.5,24.0,,,,0.0,1.5,1.9,0.0,3.5,aoac2011.25
06381,（にんじん類）　にんじん　根　冷凍　油いため,4.2,65.0,,,,0.1,1.5,2.7,0.0,4.2,aoac2011.25
06348,（にんじん類）　にんじん　グラッセ,2.6,53.0,1.4,1.2,2.6,,,,,,prosky
06217,（にんじん類）　にんじん　ジュース　缶詰,0.2,29.0,0.2,0.0,0.2,,,,,,prosky
06218,（にんじん類）　きんとき　根　皮つき　生,3.9,39.0,1.5,2.4,3.9,,,,,,prosky
06219,（にんじん類）　きんとき　根　皮つき　ゆで,4.3,37.0,2.0,2.3,4.3,,,,,,prosky
06220,（にんじん類）　きんとき　根　皮なし　生,3.6,40.0,1.4,2.2,3.6,,,,,,prosky
06221,（にんじん類）　きんとき　根　皮なし　ゆで,4.1,40.0,1.9,2.2,4.1,,,,,,prosky
06409,（にんじん類）　島にんじん　根　皮なし　生,3.9,35.0,,,,0.1,1.1,2.7,0.0,3.9,aoac2011.25
06222,（にんじん類）　ミニキャロット　根　生,2.7,26.0,0.6,2.1,2.7,,,,,,prosky
06223,（にんにく類）　にんにく　りん茎　生,6.2,129.0,4.1,2.1,6.2,,,,,,prosky
06349,（にんにく類）　にんにく　りん茎　油いため,6.8,191.0,4.5,2.3,6.8,,,,,,prosky
06224,（にんにく類）　茎にんにく　花茎　生,3.8,44.0,0.7,3.1,3.8,,,,,,prosky
06225,（にんにく類）　茎にんにく　花茎　ゆで,3.8,43.0,1.0,2.8,3.8,,,,,,prosky
06226,（ねぎ類）　根深ねぎ　葉　軟白　生,2.5,35.0,0.3,2.2,2.5,,,,,,prosky
06350,（ねぎ類）　根深ねぎ　葉　軟白　ゆで,2.5,28.0,1.0,1.5,2.5,,,,,,prosky
06351,（ねぎ類）　根深ねぎ　葉　軟白　油いため,2.7,77.0,0.9,1.7,2.7,,,,,,prosky
06227,（ねぎ類）　葉ねぎ　葉　生,3.2,29.0,0.3,2.9,3.2,,,,,,prosky
06352,（ねぎ類）　葉ねぎ　葉　油いため,3.9,77.0,1.7,2.1,3.9,,,,,,prosky
06410,（ねぎ類）　九条ねぎ　葉　生,3.3,32.0,,,,0.4,0.4,2.5,0.0,3.3,aoac2011.25
06228,（ねぎ類）　こねぎ　葉　生,2.5,26.0,0.2,2.3,2.5,,,,,,prosky
06411,（ねぎ類）　めねぎ　葉　生,1.8,15.0,,,,0.0,0.2,1.6,0.0,1.8,aoac2011.25
06229,のざわな　葉　生,2.0,14.0,0.5,1.5,2.0,,,,,,prosky
06230,のざわな　漬物　塩漬,2.5,17.0,0.2,2.3,2.5,,,,,,prosky
06231,のざわな　漬物　調味漬,3.1,22.0,0.5,2.6,3.1,,,,,,prosky
06232,のびる　りん茎葉　生,6.9,63.0,3.3,3.6,6.9,,,,,,prosky
06233,はくさい　結球葉　生,1.3,13.0,0.3,1.0,1.3,,,,,,prosky
06234,はくさい　結球葉　ゆで,1.4,13.0,0.4,1.0,1.4,,,,,,prosky
06235,はくさい　漬物　塩漬,1.8,17.0,0.3,1.5,1.8,,,,,,prosky
06236,はくさい　漬物　キムチ,2.2,27.0,0.6,1.6,2.2,,,,,,prosky
06237,パクチョイ　葉　生,1.8,15.0,0.4,1.4,1.8,,,,,,prosky
06238,バジル　葉　生,4.0,21.0,0.9,3.1,4.0,,,,,,prosky
06239,パセリ　葉　生,6.8,34.0,0.6,6.2,6.8,,,,,,prosky
06240,はつかだいこん　根　生,1.2,13.0,0.2,1.0,1.2,,,,,,prosky
06392,はなっこりー　生,3.1,34.0,,,,0.1,0.3,2.8,,3.1,aoac2011.25
06241,はやとうり　果実　白色種　生,1.2,20.0,0.2,1.0,1.2,,,,,,prosky
06242,はやとうり　果実　白色種　塩漬,1.6,17.0,0.3,1.3,1.6,,,,,,prosky
06353,はやとうり　果実　緑色種　生,1.2,21.0,0.2,1.0,1.2,,,,,,prosky
06243,ビーツ　根　生,2.7,38.0,0.7,2.0,2.7,,,,,,prosky
06244,ビーツ　根　ゆで,2.9,42.0,0.8,2.1,2.9,,,,,,prosky
06245,（ピーマン類）　青ピーマン　果実　生,2.3,20.0,0.6,1.7,2.3,,,,,,prosky
06246,（ピーマン類）　青ピーマン　果実　油いため,2.4,54.0,0.6,1.8,2.4,,,,,,prosky
06247,（ピーマン類）　赤ピーマン　果実　生,1.6,28.0,0.5,1.1,1.6,,,,,,prosky
06248,（ピーマン類）　赤ピーマン　果実　油いため,1.6,69.0,0.5,1.1,1.6,,,,,,prosky
06393,（ピーマン類）　オレンジピーマン　果実　生,1.8,19.0,,,,0.0,0.9,0.9,,1.8,aoac2011.25
06394,（ピーマン類）　オレンジピーマン　果実　油いため,,81.0,,,,,,,,,none
06249,（ピーマン類）　黄ピーマン　果実　生,1.3,28.0,0.4,0.9,1.3,,,,,,prosky
06250,（ピーマン類）　黄ピーマン　果実　油いため,1.3,61.0,0.4,0.9,1.3,,,,,,prosky
06251,（ピーマン類）　トマピー　果実　生,1.6,33.0,0.6,1.0,1.6,,,,,,prosky
06252,ひのな　根・茎葉　生,3.0,17.0,0.7,2.3,3.0,,,,,,prosky
06253,ひのな　根・茎葉　甘酢漬,4.7,70.0,0.9,3.8,4.7,,,,,,prosky
06254,ひろしまな　葉　生,2.4,19.0,0.4,2.0,2.4,,,,,,prosky
06255,ひろしまな　塩漬,2.4,15.0,0.8,1.6,2.4,,,,,,prosky
06256,（ふき類）　ふき　葉柄　生,1.3,11.0,0.1,1.2,1.3,,,,,,prosky
06257,（ふき類）　ふき　葉柄　ゆで,1.1,7.0,0.1,1.0,1.1,,,,,,prosky
06258,（ふき類）　ふきのとう　花序　生,6.4,38.0,1.0,5.4,6.4,,,,,,prosky
06259,（ふき類）　ふきのとう　花序　ゆで,4.2,31.0,0.9,3.3,4.2,,,,,,prosky
06260,ふじまめ　若ざや　生,4.4,32.0,0.5,3.9,4.4,,,,,,prosky
06261,ふだんそう　葉　生,3.3,17.0,0.5,2.8,3.3,,,,,,prosky
06262,ふだんそう　葉　ゆで,3.8,26.0,0.5,3.3,3.8,,,,,,prosky
06263,ブロッコリー　花序　生,5.1,37.0,0.9,4.3,5.1,,,,,,prosky
06264,ブロッコリー　花序　ゆで,4.3,30.0,1.0,3.3,4.3,,,,,,prosky
06395,ブロッコリー　花序　電子レンジ調理,,56.0,,,,,,,,,none
06396,ブロッコリー　花序　焼き,,83.0,,,,,,,,,none
06397,ブロッコリー　花序　油いため,,109.0,,,,,,,,,none
06354,ブロッコリー　芽ばえ　生,1.8,18.0,0.3,1.5,1.8,,,,,,prosky
06265,へちま　果実　生,1.0,17.0,0.5,0.5,1.0,,,,,,prosky
06266,へちま　果実　ゆで,1.5,19.0,0.6,0.9,1.5,,,,,,prosky
06267,ほうれんそう　葉　通年平均　生,2.8,18.0,0.7,2.1,2.8,,,,,,prosky
06268,ほうれんそう　葉　通年平均　ゆで,3.6,23.0,0.6,3.0,3.6,,,,,,prosky
06359,ほうれんそう　葉　通年平均　油いため,4.6,91.0,0.8,3.8,4.6,,,,,,prosky
06355,ほうれんそう　葉　夏採り　生,2.8,18.0,0.7,2.1,2.8,,,,,,prosky
06357,ほうれんそう　葉　夏採り　ゆで,3.6,23.0,0.6,3.0,3.6,,,,,,prosky
06356,ほうれんそう　葉　冬採り　生,2.8,18.0,0.7,2.1,2.8,,,,,,prosky
06358,ほうれんそう　葉　冬採り　ゆで,3.6,23.0,0.6,3.0,3.6,,,,,,prosky
06269,ほうれんそう　葉　冷凍,3.3,22.0,0.7,2.6,3.3,,,,,,prosky
06372,ほうれんそう　葉　冷凍　ゆで,4.5,26.0,0.8,4.0,4.8,0.0,1.3,3.1,,4.5,both
06373,ほうれんそう　葉　冷凍　油いため,4.1,67.0,0.8,3.3,4.1,,,,,,prosky
06270,ホースラディシュ　根茎　生,8.2,69.0,0.8,7.4,8.2,,,,,,prosky
06271,まこも　茎　生,2.3,19.0,0.2,2.1,2.3,,,,,,prosky
06272,みずかけな　葉　生,2.8,25.0,0.9,1.9,2.8,,,,,,prosky
06273,みずかけな　塩漬,4.0,34.0,1.3,2.7,4.0,,,,,,prosky
06072,みずな　葉　生,3.0,23.0,0.6,2.4,3.0,,,,,,prosky
06073,みずな　葉　ゆで,3.6,21.0,0.8,2.8,3.6,,,,,,prosky
06074,みずな　塩漬,3.5,26.0,0.5,3.0,3.5,,,,,,prosky
06274,（みつば類）　切りみつば　葉　生,2.5,16.0,0.4,2.1,2.5,,,,,,prosky
06275,（みつば類）　切りみつば　葉　ゆで,2.7,12.0,0.4,2.3,2.7,,,,,,prosky
06276,（みつば類）　根みつば　葉　生,2.9,19.0,0.5,2.4,2.9,,,,,,prosky
06277,（みつば類）　根みつば　葉　ゆで,3.3,19.0,0.6,2.7,3.3,,,,,,prosky
06278,（みつば類）　糸みつば　葉　生,2.3,12.0,0.3,2.0,2.3,,,,,,prosky
06279,（みつば類）　糸みつば　葉　ゆで,3.0,14.0,0.4,2.6,3.0,,,,,,prosky
06360,みぶな　葉　生,1.8,14.0,0.3,1.5,1.8,,,,,,prosky
06280,（みょうが類）　みょうが　花穂　生,2.1,11.0,0.4,1.7,2.1,,,,,,prosky
06281,（みょうが類）　みょうがたけ　茎葉　生,1.1,6.0,0.1,1.0,1.1,,,,,,prosky
06282,むかご　肉芽　生,4.2,87.0,0.8,3.4,4.2,,,,,,prosky
06283,めキャベツ　結球葉　生,5.5,52.0,1.4,4.1,5.5,,,,,,prosky
06284,めキャベツ　結球葉　ゆで,5.2,51.0,1.4,3.8,5.2,,,,,,prosky
06285,めたで　芽ばえ　生,6.3,39.0,0.6,5.7,6.3,,,,,,prosky
06286,（もやし類）　アルファルファもやし　生,1.4,11.0,0.1,1.3,1.4,,,,,,prosky
06287,（もやし類）　だいずもやし　生,2.3,29.0,0.2,2.1,2.3,,,,,,prosky
06288,（もやし類）　だいずもやし　ゆで,2.2,27.0,0.3,1.9,2.2,,,,,,prosky
06412,（もやし類）　だいずもやし　油いため,,62.0,,,,,,,,,none
06289,（もやし類）　ブラックマッペもやし　生,1.5,17.0,0.1,1.4,1.5,,,,,,prosky
06290,（もやし類）　ブラックマッペもやし　ゆで,1.6,13.0,0.2,1.4,1.6,,,,,,prosky
06398,（もやし類）　ブラックマッペもやし　油いため,,41.0,,,,,,,,,none
06291,（もやし類）　りょくとうもやし　生,1.3,15.0,0.1,1.2,1.3,,,,,,prosky
06292,（もやし類）　りょくとうもやし　ゆで,1.5,12.0,0.2,1.3,1.5,,,,,,prosky
06413,（もやし類）　りょくとうもやし　油いため,,40.0,,,,,,,,,none
06293,モロヘイヤ　茎葉　生,5.9,36.0,1.3,4.6,5.9,,,,,,prosky
06294,モロヘイヤ　茎葉　ゆで,3.5,24.0,0.8,2.7,3.5,,,,,,prosky
06401,やぶまめ　生,9.8,219.0,,,9.8,,,,,,prosky
06295,やまごぼう　みそ漬,7.0,66.0,3.1,3.9,7.0,,,,,,prosky
06296,ゆりね　りん茎　生,5.4,119.0,3.3,2.1,5.4,,,,,,prosky
06297,ゆりね　りん茎　ゆで,6.0,117.0,3.2,2.8,6.0,,,,,,prosky
06298,ようさい　茎葉　生,3.1,17.0,0.4,2.7,3.1,,,,,,prosky
06299,ようさい　茎葉　ゆで,3.4,18.0,0.4,3.0,3.4,,,,,,prosky
06300,よめな　葉　生,7.8,40.0,1.3,6.5,7.8,,,,,,prosky
06301,よもぎ　葉　生,7.8,43.0,0.9,6.9,7.8,,,,,,prosky
06302,よもぎ　葉　ゆで,7.8,37.0,0.9,6.9,7.8,,,,,,prosky
06303,らっかせい　未熟豆　生,4.0,306.0,0.1,3.9,4.0,,,,,,prosky
06304,らっかせい　未熟豆　ゆで,4.2,298.0,0.2,4.0,4.2,,,,,,prosky
06305,（らっきょう類）　らっきょう　りん茎　生,20.7,83.0,18.6,2.1,20.7,,,,,,prosky
06306,（らっきょう類）　らっきょう　甘酢漬,2.9,117.0,1.3,1.5,2.9,,,,,,prosky
06307,（らっきょう類）　エシャレット　りん茎　生,11.4,59.0,9.1,2.3,11.4,,,,,,prosky
06308,リーキ　りん茎葉　生,2.5,30.0,0.4,2.1,2.5,,,,,,prosky
06309,リーキ　りん茎葉　ゆで,2.6,28.0,0.7,1.9,2.6,,,,,,prosky
06319,ルッコラ　葉　生,2.6,17.0,0.3,2.3,2.6,,,,,,prosky
06310,ルバーブ　葉柄　生,2.5,23.0,0.5,2.0,2.5,,,,,,prosky
06311,ルバーブ　葉柄　ゆで,2.9,14.0,0.7,2.2,2.9,,,,,,prosky
06312,（レタス類）　レタス　土耕栽培　結球葉　生,1.1,11.0,0.1,1.0,1.1,,,,,,prosky
06361,（レタス類）　レタス　水耕栽培　結球葉　生,1.1,13.0,0.2,0.9,1.1,,,,,,prosky
06313,（レタス類）　サラダな　葉　生,1.8,10.0,0.2,1.6,1.8,,,,,,prosky
06314,（レタス類）　リーフレタス　葉　生,1.9,16.0,0.5,1.4,1.9,,,,,,prosky
06315,（レタス類）　サニーレタス　葉　生,2.0,15.0,0.6,1.4,2.0,,,,,,prosky
06362,（レタス類）　サンチュ　葉　生,2.0,14.0,0.4,1.5,2.0,,,,,,prosky
06316,（レタス類）　コスレタス　葉　生,1.9,16.0,0.4,1.5,1.9,,,,,,prosky
06317,れんこん　根茎　生,2.0,66.0,0.2,1.8,2.0,,,,,,prosky
06318,れんこん　根茎　ゆで,2.3,66.0,0.2,2.1,2.3,,,,,,prosky
06371,れんこん　甘酢れんこん,2.3,66.0,0.3,2.0,2.3,,,,,,prosky
06320,わけぎ　葉　生,2.8,30.0,0.3,2.5,2.8,,,,,,prosky
06321,わけぎ　葉　ゆで,3.1,29.0,1.2,1.9,3.1,,,,,,prosky
06322,わさび　根茎　生,4.4,89.0,0.8,3.6,4.4,,,,,,prosky
06323,わさび　わさび漬,2.7,140.0,1.0,1.7,2.7,,,,,,prosky
06324,わらび　生わらび　生,3.6,19.0,0.8,2.8,3.6,,,,,,prosky
06325,わらび　生わらび　ゆで,3.0,13.0,0.5,2.5,3.0,,,,,,prosky
06326,わらび　干しわらび　乾,58.0,216.0,10.0,48.0,58.0,,,,,,prosky
06382,（その他）　ミックスベジタブル　冷凍,5.9,67.0,,,,0.3,1.0,4.6,0.4,5.9,aoac2011.25
06383,（その他）　ミックスベジタブル　冷凍　ゆで,6.5,65.0,,,,0.4,1.1,5.1,0.5,6.5,aoac2011.25
06384,（その他）　ミックスベジタブル　冷凍　油いため,5.9,108.0,,,,0.3,1.1,4.5,0.6,5.9,aoac2011.25
06399,（その他）　野菜ミックスジュース　通常タイプ,0.9,21.0,,,,0.0,0.4,0.5,,0.9,aoac2011.25
06400,（その他）　野菜ミックスジュース　濃縮タイプ,1.0,36.0,,,,0.1,0.6,0.3,,1.0,aoac2011.25
07001,あけび　果肉　生,1.1,89.0,0.6,0.5,1.1,,,,,,prosky
07002,あけび　果皮　生,3.1,32.0,1.4,1.7,3.1,,,,,,prosky
07181,アサイー　冷凍　無糖,4.7,62.0,,,,0.1,0.9,3.8,,4.7,aoac2011.25
07003,アセロラ　酸味種　生,1.9,36.0,0.8,1.1,1.9,,,,,,prosky
07159,アセロラ　甘味種　生,1.9,36.0,0.8,1.1,1.9,,,,,,prosky
07004,アセロラ　果実飲料　10%果汁入り飲料,0.2,42.0,0.1,0.1,0.2,,,,,,prosky
07005,アテモヤ　生,3.3,81.0,0.7,2.6,3.3,,,,,,prosky
07006,アボカド　生,5.6,176.0,1.7,3.9,5.6,,,,,,prosky
07007,あんず　生,1.6,37.0,0.6,1.0,1.6,,,,,,prosky
07008,あんず　乾,9.8,296.0,4.3,5.5,9.8,,,,,,prosky
07009,あんず　缶詰,0.8,79.0,0.4,0.4,0.8,,,,,,prosky
07010,あんず　ジャム　高糖度,0.7,252.0,0.5,0.2,0.7,,,,,,prosky
07011,あんず　ジャム　低糖度,1.2,202.0,0.9,0.3,1.2,,,,,,prosky
07012,いちご　生,1.4,31.0,0.5,0.9,1.4,,,,,,prosky
07013,いちご　ジャム　高糖度,1.3,250.0,0.7,0.6,1.3,,,,,,prosky
07014,いちご　ジャム　低糖度,1.1,194.0,0.7,0.4,1.1,,,,,,prosky
07160,いちご　乾,3.0,329.0,1.2,1.7,3.0,,,,,,prosky
07015,いちじく　生,1.9,57.0,0.7,1.2,1.9,,,,,,prosky
07016,いちじく　乾,10.7,272.0,3.4,7.3,10.7,,,,,,prosky
07017,いちじく　缶詰,1.2,78.0,0.6,0.6,1.2,,,,,,prosky
07019,うめ　生,2.5,33.0,0.9,1.6,2.5,,,,,,prosky
07020,うめ　梅漬　塩漬,2.7,27.0,1.1,1.6,2.7,,,,,,prosky
07021,うめ　梅漬　調味漬,3.4,45.0,1.2,2.2,3.4,,,,,,prosky
07022,うめ　梅干し　塩漬,3.3,29.0,1.4,2.2,3.3,,,,,,prosky
07023,うめ　梅干し　調味漬,2.5,90.0,1.3,1.2,2.5,,,,,,prosky
07024,うめ　梅びしお,1.3,196.0,0.5,0.8,1.3,,,,,,prosky
07025,うめ　果実飲料　20%果汁入り飲料,0.1,49.0,0.1,0.0,0.1,,,,,,prosky
07037,オリーブ　塩漬　グリーンオリーブ,3.3,148.0,0.2,3.1,3.3,,,,,,prosky
07038,オリーブ　塩漬　ブラックオリーブ,2.5,121.0,0.4,2.1,2.5,,,,,,prosky
07039,オリーブ　塩漬　スタッフドオリーブ,3.7,141.0,0.8,2.9,3.7,,,,,,prosky
07049,かき　甘がき　生,1.6,63.0,0.2,1.4,1.6,,,,,,prosky
07050,かき　渋抜きがき　生,2.8,59.0,0.5,2.3,2.8,,,,,,prosky
07051,かき　干しがき,14.0,274.0,1.3,12.7,14.0,,,,,,prosky
07053,かりん　生,8.9,58.0,0.9,8.0,8.9,,,,,,prosky
07018,（かんきつ類）　いよかん　砂じょう　生,1.1,50.0,0.5,0.6,1.1,,,,,,prosky
07026,（かんきつ類）　うんしゅうみかん　じょうのう　早生　生,0.7,49.0,0.3,0.4,0.7,,,,,,prosky
07027,（かんきつ類）　うんしゅうみかん　じょうのう　普通　生,1.0,49.0,0.5,0.5,1.0,,,,,,prosky
07028,（かんきつ類）　うんしゅうみかん　砂じょう　早生　生,0.4,47.0,0.2,0.2,0.4,,,,,,prosky
07029,（かんきつ類）　うんしゅうみかん　砂じょう　普通　生,0.4,49.0,0.2,0.2,0.4,,,,,,prosky
07030,（かんきつ類）　うんしゅうみかん　果実飲料　ストレートジュース,0.0,45.0,0.0,0.0,0.0,,,,,,prosky
07031,（かんきつ類）　うんしゅうみかん　果実飲料　濃縮還元ジュース,0.0,42.0,0.0,0.0,0.0,,,,,,prosky
07032,（かんきつ類）　うんしゅうみかん　果実飲料　果粒入りジュース,0.0,53.0,0.0,0.0,0.0,,,,,,prosky
07033,（かんきつ類）　うんしゅうみかん　果実飲料　50%果汁入り飲料,0.1,59.0,0.1,0.0,0.1,,,,,,prosky
07034,（かんきつ類）　うんしゅうみかん　果実飲料　20%果汁入り飲料,0.0,50.0,0.0,0.0,0.0,,,,,,prosky
07035,（かんきつ類）　うんしゅうみかん　缶詰　果肉,0.5,63.0,0.2,0.3,0.5,,,,,,prosky
07036,（かんきつ類）　うんしゅうみかん　缶詰　液汁,0.0,63.0,0.0,0.0,0.0,,,,,,prosky
07040,（かんきつ類）　オレンジ　ネーブル　砂じょう　生,1.0,48.0,0.4,0.6,1.0,,,,,,prosky
07041,（かんきつ類）　オレンジ　バレンシア　米国産　砂じょう　生,0.8,42.0,0.3,0.5,0.8,,,,,,prosky
07042,（かんきつ類）　オレンジ　バレンシア　果実飲料　ストレートジュース,0.3,45.0,0.2,0.1,0.3,,,,,,prosky
07043,（かんきつ類）　オレンジ　バレンシア　果実飲料　濃縮還元ジュース,0.2,46.0,0.2,0.0,0.2,,,,,,prosky
07044,（かんきつ類）　オレンジ　バレンシア　果実飲料　50%果汁入り飲料,0.1,46.0,0.1,0.0,0.1,,,,,,prosky
07045,（かんきつ類）　オレンジ　バレンシア　果実飲料　30%果汁入り飲料,0.0,41.0,0.0,0.0,0.0,,,,,,prosky
07046,（かんきつ類）　オレンジ　バレンシア　マーマレード　高糖度,0.7,233.0,0.5,0.2,0.7,,,,,,prosky
07047,（かんきつ類）　オレンジ　バレンシア　マーマレード　低糖度,1.3,190.0,0.9,0.4,1.3,,,,,,prosky
07161,（かんきつ類）　オレンジ　福原オレンジ　砂じょう　生,0.8,43.0,0.3,0.5,0.8,,,,,,prosky
07048,（かんきつ類）　オロブランコ　砂じょう　生,0.9,43.0,0.3,0.6,0.9,,,,,,prosky
07052,（かんきつ類）　かぼす　果汁　生,0.1,36.0,0.1,0.0,0.1,,,,,,prosky
07162,（かんきつ類）　かわちばんかん　砂じょう　生,0.6,38.0,0.3,0.3,0.6,,,,,,prosky
07163,（かんきつ類）　きよみ　砂じょう　生,0.6,45.0,0.3,0.3,0.6,,,,,,prosky
07056,（かんきつ類）　きんかん　全果　生,4.6,67.0,2.3,2.3,4.6,,,,,,prosky
07062,（かんきつ類）　グレープフルーツ　白肉種　砂じょう　生,0.6,40.0,0.2,0.4,0.6,,,,,,prosky
07164,（かんきつ類）　グレープフルーツ　紅肉種　砂じょう　生,0.6,40.0,0.2,0.4,0.6,,,,,,prosky
07063,（かんきつ類）　グレープフルーツ　果実飲料　ストレートジュース,0.1,44.0,0.1,0.0,0.1,,,,,,prosky
07064,（かんきつ類）　グレープフルーツ　果実飲料　濃縮還元ジュース,0.2,38.0,0.2,0.0,0.2,,,,,,prosky
07065,（かんきつ類）　グレープフルーツ　果実飲料　50%果汁入り飲料,0.1,45.0,0.1,0.0,0.1,,,,,,prosky
07066,（かんきつ類）　グレープフルーツ　果実飲料　20%果汁入り飲料,0.0,39.0,0.0,0.0,0.0,,,,,,prosky
07067,（かんきつ類）　グレープフルーツ　缶詰,0.6,60.0,0.4,0.2,0.6,,,,,,prosky
07074,（かんきつ類）　さんぼうかん　砂じょう　生,0.9,47.0,0.3,0.6,0.9,,,,,,prosky
07075,（かんきつ類）　シークヮーサー　果汁　生,0.3,35.0,0.3,0.0,0.3,,,,,,prosky
07076,（かんきつ類）　シークヮーサー　果実飲料　10%果汁入り飲料,0.0,48.0,0.0,0.0,0.0,,,,,,prosky
07165,（かんきつ類）　しらぬひ　砂じょう　生,0.6,56.0,0.3,0.3,0.6,,,,,,prosky
07078,（かんきつ類）　すだち　果皮　生,10.1,55.0,2.8,7.3,10.1,,,,,,prosky
07079,（かんきつ類）　すだち　果汁　生,0.1,29.0,0.1,0.0,0.1,,,,,,prosky
07166,（かんきつ類）　せとか　砂じょう　生,0.7,50.0,0.4,0.3,0.7,,,,,,prosky
07085,（かんきつ類）　セミノール　砂じょう　生,0.8,53.0,0.3,0.5,0.8,,,,,,prosky
07083,（かんきつ類）　だいだい　果汁　生,0.0,35.0,0.0,0.0,0.0,,,,,,prosky
07093,（かんきつ類）　なつみかん　砂じょう　生,1.2,42.0,0.4,0.8,1.2,,,,,,prosky
07094,（かんきつ類）　なつみかん　缶詰,0.5,80.0,0.3,0.2,0.5,,,,,,prosky
07105,（かんきつ類）　はっさく　砂じょう　生,1.5,47.0,0.2,1.3,1.5,,,,,,prosky
07167,（かんきつ類）　はるみ　砂じょう　生,0.8,52.0,0.4,0.4,0.8,,,,,,prosky
07112,（かんきつ類）　ひゅうがなつ　じょうのう及びアルベド　生,2.1,46.0,1.0,1.1,2.1,,,,,,prosky
07113,（かんきつ類）　ひゅうがなつ　砂じょう　生,0.7,35.0,0.3,0.4,0.7,,,,,,prosky
07126,（かんきつ類）　ぶんたん　砂じょう　生,0.9,41.0,0.3,0.6,0.9,,,,,,prosky
07127,（かんきつ類）　ぶんたん　ざぼん漬,2.7,338.0,1.3,1.4,2.7,,,,,,prosky
07129,（かんきつ類）　ぽんかん　砂じょう　生,1.0,42.0,0.4,0.6,1.0,,,,,,prosky
07142,（かんきつ類）　ゆず　果皮　生,6.9,50.0,3.3,3.6,6.9,,,,,,prosky
07143,（かんきつ類）　ゆず　果汁　生,0.4,30.0,0.3,0.1,0.4,,,,,,prosky
07145,（かんきつ類）　ライム　果汁　生,0.2,39.0,0.2,0.0,0.2,,,,,,prosky
07155,（かんきつ類）　レモン　全果　生,4.9,43.0,2.0,2.9,4.9,,,,,,prosky
07156,（かんきつ類）　レモン　果汁　生,0.0,24.0,0.0,0.0,0.0,,,,,,prosky
07054,キウイフルーツ　緑肉種　生,2.6,51.0,0.6,2.0,2.6,,,,,,prosky
07168,キウイフルーツ　黄肉種　生,1.4,63.0,0.5,0.9,1.4,,,,,,prosky
07183,きはだ　実　乾,,378.0,,,,,,,,,none
07055,キワノ　生,2.6,41.0,0.6,2.0,2.6,,,,,,prosky
07057,グァバ　赤肉種　生,5.1,33.0,0.7,4.4,5.1,,,,,,prosky
07169,グァバ　白肉種　生,5.1,33.0,0.7,4.4,5.1,,,,,,prosky
07058,グァバ　果実飲料　20%果汁入り飲料　（ネクター）,0.8,49.0,0.2,0.6,0.8,,,,,,prosky
07059,グァバ　果実飲料　10%果汁入り飲料,0.2,50.0,0.0,0.2,0.2,,,,,,prosky
07185,くこ　実　乾,,387.0,,,,,,,,,none
07061,ぐみ　生,2.0,72.0,0.2,1.8,2.0,,,,,,prosky
07157,ココナッツ　ココナッツウォーター,0.0,22.0,0.0,0.0,0.0,,,,,,prosky
07158,ココナッツ　ココナッツミルク,0.2,157.0,0.2,0.0,0.2,,,,,,prosky
07170,ココナッツ　ナタデココ,0.5,80.0,0.0,0.5,0.5,,,,,,prosky
07070,さくらんぼ　国産　生,1.2,64.0,0.1,1.1,1.2,,,,,,prosky
07071,さくらんぼ　米国産　生,1.4,64.0,0.6,0.8,1.4,,,,,,prosky
07072,さくらんぼ　米国産　缶詰,1.0,70.0,0.6,0.4,1.0,,,,,,prosky
07073,ざくろ　生,0.0,63.0,0.0,0.0,0.0,,,,,,prosky
07077,すいか　赤肉種　生,0.3,41.0,0.1,0.2,0.3,,,,,,prosky
07171,すいか　黄肉種　生,0.3,41.0,0.1,0.2,0.3,,,,,,prosky
07186,（すぐり類）　赤すぐり　冷凍,2.8,43.0,,,,0.0,0.7,2.0,,2.8,aoac2011.25
07182,（すぐり類）　カシス　冷凍,6.4,62.0,,,,0.1,0.5,5.8,,6.4,aoac2011.25
07060,（すぐり類）　グーズベリー　生,2.5,51.0,0.7,1.8,2.5,,,,,,prosky
07069,スターフルーツ　生,1.8,30.0,0.4,1.4,1.8,,,,,,prosky
07080,（すもも類）　にほんすもも　生,1.6,46.0,0.4,1.2,1.6,,,,,,prosky
07081,（すもも類）　プルーン　生,1.9,49.0,0.9,1.0,1.9,,,,,,prosky
07082,（すもも類）　プルーン　乾,7.1,211.0,3.4,3.8,7.1,,,,,,prosky
07086,チェリモヤ　生,2.2,82.0,0.8,1.4,2.2,,,,,,prosky
07111,ドラゴンフルーツ　生,1.9,52.0,0.3,1.6,1.9,,,,,,prosky
07087,ドリアン　生,2.1,140.0,0.7,1.4,2.1,,,,,,prosky
07088,（なし類）　日本なし　生,0.9,38.0,0.2,0.7,0.9,,,,,,prosky
07089,（なし類）　日本なし　缶詰,0.7,76.0,0.1,0.6,0.7,,,,,,prosky
07090,（なし類）　中国なし　生,1.4,49.0,0.3,1.1,1.4,,,,,,prosky
07091,（なし類）　西洋なし　生,1.9,48.0,0.7,1.2,1.9,,,,,,prosky
07092,（なし類）　西洋なし　缶詰,1.0,79.0,0.4,0.6,1.0,,,,,,prosky
07095,なつめ　乾,12.5,294.0,2.7,9.8,12.5,,,,,,prosky
07096,なつめやし　乾,7.0,281.0,1.5,5.5,7.0,,,,,,prosky
07097,パインアップル　生,1.2,54.0,0.2,1.0,1.2,,,,,,prosky
07177,パインアップル　焼き,1.7,74.0,0.2,1.5,1.7,,,,,,prosky
07098,パインアップル　果実飲料　ストレートジュース,0.0,46.0,0.0,0.0,0.0,,,,,,prosky
07099,パインアップル　果実飲料　濃縮還元ジュース,0.0,45.0,0.0,0.0,0.0,,,,,,prosky
07100,パインアップル　果実飲料　50%果汁入り飲料,0.0,50.0,0.0,0.0,0.0,,,,,,prosky
07101,パインアップル　果実飲料　10%果汁入り飲料,0.0,50.0,0.0,0.0,0.0,,,,,,prosky
07102,パインアップル　缶詰,0.5,76.0,0.0,0.5,0.5,,,,,,prosky
07103,パインアップル　砂糖漬,1.3,349.0,0.0,1.3,1.3,,,,,,prosky
07104,ハスカップ　生,2.1,55.0,0.6,1.5,2.1,,,,,,prosky
07106,パッションフルーツ　果汁　生,0.0,67.0,0.0,0.0,0.0,,,,,,prosky
07107,バナナ　生,1.1,93.0,0.1,1.0,1.1,,,,,,prosky
07108,バナナ　乾,7.0,314.0,2.0,5.0,7.0,,,,,,prosky
07109,パパイア　完熟　生,2.2,33.0,0.7,1.5,2.2,,,,,,prosky
07110,パパイア　未熟　生,2.2,35.0,0.4,1.8,2.2,,,,,,prosky
07114,びわ　生,1.6,41.0,0.4,1.2,1.6,,,,,,prosky
07115,びわ　缶詰,0.6,80.0,0.3,0.3,0.6,,,,,,prosky
07116,ぶどう　皮なし　生,0.5,58.0,0.2,0.3,0.5,,,,,,prosky
07178,ぶどう　皮つき　生,0.9,69.0,0.2,0.6,0.9,,,,,,prosky
07187,ぶどう　皮つき　シャインマスカット　生,0.9,61.0,,,0.0,0.0,0.4,0.5,,0.9,both
07117,ぶどう　干しぶどう,4.1,324.0,1.2,2.9,4.1,,,,,,prosky
07118,ぶどう　果実飲料　ストレートジュース,0.1,54.0,0.1,0.0,0.1,,,,,,prosky
07119,ぶどう　果実飲料　濃縮還元ジュース,0.1,46.0,0.1,0.0,0.1,,,,,,prosky
07120,ぶどう　果実飲料　70%果汁入り飲料,0.1,52.0,0.1,0.0,0.1,,,,,,prosky
07121,ぶどう　果実飲料　10%果汁入り飲料,0.0,52.0,0.0,0.0,0.0,,,,,,prosky
07122,ぶどう　缶詰,0.2,83.0,0.2,0.0,0.2,,,,,,prosky
07123,ぶどう　ジャム,1.5,189.0,1.0,0.5,1.5,,,,,,prosky
07124,ブルーベリー　生,3.3,48.0,0.5,2.8,3.3,,,,,,prosky
07125,ブルーベリー　ジャム,4.3,174.0,0.5,3.8,4.3,,,,,,prosky
07172,ブルーベリー　乾,17.6,280.0,3.0,14.7,17.6,,,,,,prosky
07128,ホワイトサポテ　生,3.1,73.0,1.8,1.3,3.1,,,,,,prosky
07130,まくわうり　黄肉種　生,1.0,34.0,0.4,0.6,1.0,,,,,,prosky
07173,まくわうり　白肉種　生,1.0,34.0,0.4,0.6,1.0,,,,,,prosky
07131,マルメロ　生,5.1,48.0,0.7,4.4,5.1,,,,,,prosky
07132,マンゴー　生,1.3,68.0,0.6,0.7,1.3,,,,,,prosky
07179,マンゴー　ドライマンゴー,6.4,339.0,2.8,3.6,6.4,,,,,,prosky
07133,マンゴスチン　生,1.4,71.0,0.5,0.9,1.4,,,,,,prosky
07134,メロン　温室メロン　生,0.5,40.0,0.2,0.3,0.5,,,,,,prosky
07135,メロン　露地メロン　緑肉種　生,0.5,45.0,0.2,0.3,0.5,,,,,,prosky
07174,メロン　露地メロン　赤肉種　生,0.5,45.0,0.2,0.3,0.5,,,,,,prosky
07136,（もも類）　もも　白肉種　生,1.3,38.0,0.6,0.7,1.3,,,,,,prosky
07184,（もも類）　もも　黄肉種　生,1.9,48.0,,,,0.1,0.9,0.9,,1.9,aoac2011.25
07137,（もも類）　もも　果実飲料　30%果汁入り飲料　（ネクター）,0.4,46.0,0.2,0.2,0.4,,,,,,prosky
07138,（もも類）　もも　缶詰　白肉種　果肉,1.4,82.0,0.5,0.9,1.4,,,,,,prosky
07175,（もも類）　もも　缶詰　黄肉種　果肉,1.4,83.0,0.5,0.9,1.4,,,,,,prosky
07139,（もも類）　もも　缶詰　液汁,0.3,81.0,0.3,0.0,0.3,,,,,,prosky
07140,（もも類）　ネクタリン　生,1.7,39.0,0.7,1.0,1.7,,,,,,prosky
07141,やまもも　生,1.1,47.0,0.3,0.8,1.1,,,,,,prosky
07144,ライチー　生,0.9,61.0,0.4,0.5,0.9,,,,,,prosky
07146,ラズベリー　生,4.7,36.0,0.7,4.0,4.7,,,,,,prosky
07147,りゅうがん　乾,2.8,310.0,1.0,1.8,2.8,,,,,,prosky
07148,りんご　皮なし　生,1.4,53.0,0.4,1.0,1.4,,,,,,prosky
07176,りんご　皮つき　生,1.9,56.0,0.5,1.4,1.9,,,,,,prosky
07180,りんご　皮つき　焼き,2.5,86.0,0.6,1.9,2.5,,,,,,prosky
07149,りんご　果実飲料　ストレートジュース,0.0,43.0,0.0,0.0,0.0,,,,,,prosky
07150,りんご　果実飲料　濃縮還元ジュース,0.0,47.0,0.0,0.0,0.0,,,,,,prosky
07151,りんご　果実飲料　50%果汁入り飲料,0.0,46.0,0.0,0.0,0.0,,,,,,prosky
07152,りんご　果実飲料　30%果汁入り飲料,0.0,46.0,0.0,0.0,0.0,,,,,,prosky
07153,りんご　缶詰,0.4,81.0,0.2,0.2,0.4,,,,,,prosky
07154,りんご　ジャム,0.8,203.0,0.5,0.3,0.8,,,,,,prosky
08001,えのきたけ　生,3.9,34.0,0.4,3.5,3.9,,,,,,prosky
08002,えのきたけ　ゆで,4.5,34.0,0.3,4.2,4.5,,,,,,prosky
08037,えのきたけ　油いため,4.6,71.0,0.4,4.2,4.6,,,,,,prosky
08003,えのきたけ　味付け瓶詰,4.1,76.0,1.1,3.0,4.1,,,,,,prosky
08054,（きくらげ類）　あらげきくらげ　生,5.6,14.0,0.8,4.8,5.6,,,,,,prosky
08004,（きくらげ類）　あらげきくらげ　乾,79.5,184.0,6.3,73.1,79.5,,,,,,prosky
08005,（きくらげ類）　あらげきくらげ　ゆで,16.3,38.0,1.3,15.0,16.3,,,,,,prosky
08038,（きくらげ類）　あらげきくらげ　油いため,28.6,110.0,2.4,26.2,28.6,,,,,,prosky
08006,（きくらげ類）　きくらげ　乾,57.4,216.0,0.0,57.4,57.4,,,,,,prosky
08007,（きくらげ類）　きくらげ　ゆで,5.2,14.0,0.0,5.2,5.2,,,,,,prosky
08008,（きくらげ類）　しろきくらげ　乾,68.7,170.0,19.3,49.4,68.7,,,,,,prosky
08009,（きくらげ類）　しろきくらげ　ゆで,6.4,15.0,1.2,5.2,6.4,,,,,,prosky
08010,くろあわびたけ　生,4.1,28.0,0.2,3.9,4.1,,,,,,prosky
08039,しいたけ　生しいたけ　菌床栽培　生,4.9,25.0,0.4,4.1,4.6,0.2,0.6,4.2,,4.9,both
08040,しいたけ　生しいたけ　菌床栽培　ゆで,4.4,22.0,0.2,4.2,4.4,,,,,,prosky
08041,しいたけ　生しいたけ　菌床栽培　油いため,4.7,65.0,0.2,4.5,4.7,,,,,,prosky
08057,しいたけ　生しいたけ　菌床栽培　天ぷら,4.4,201.0,,,,0.4,0.7,3.3,,4.4,aoac2011.25
08042,しいたけ　生しいたけ　原木栽培　生,5.5,34.0,0.4,5.1,5.5,,,,,,prosky
08043,しいたけ　生しいたけ　原木栽培　ゆで,4.8,27.0,0.2,4.6,4.8,,,,,,prosky
08044,しいたけ　生しいたけ　原木栽培　油いため,6.4,84.0,0.3,6.0,6.4,,,,,,prosky
08013,しいたけ　乾しいたけ　乾,46.7,258.0,2.7,44.0,46.7,,,,,,prosky
08014,しいたけ　乾しいたけ　ゆで,6.7,40.0,0.5,6.2,6.7,,,,,,prosky
08053,しいたけ　乾しいたけ　甘煮,6.7,116.0,0.7,6.0,6.7,,,,,,prosky
08015,（しめじ類）　はたけしめじ　生,2.7,25.0,0.2,2.5,2.7,,,,,,prosky
08045,（しめじ類）　はたけしめじ　ゆで,4.6,25.0,0.2,4.4,4.6,,,,,,prosky
08016,（しめじ類）　ぶなしめじ　生,3.0,26.0,0.3,3.2,3.5,0.1,0.4,2.5,,3.0,both
08017,（しめじ類）　ぶなしめじ　ゆで,4.2,22.0,0.1,4.0,4.1,0.0,0.3,3.9,,4.2,both
08046,（しめじ類）　ぶなしめじ　油いため,3.7,65.0,0.3,4.0,4.3,0.0,0.3,3.4,,3.7,both
08055,（しめじ類）　ぶなしめじ　素揚げ,6.2,168.0,,,,0.0,0.6,5.5,,6.2,aoac2011.25
08056,（しめじ類）　ぶなしめじ　天ぷら,4.8,248.0,,,,0.5,0.9,3.5,,4.8,aoac2011.25
08018,（しめじ類）　ほんしめじ　生,1.9,21.0,0.3,1.6,1.9,,,,,,prosky
08047,（しめじ類）　ほんしめじ　ゆで,3.3,26.0,0.1,3.2,3.3,,,,,,prosky
08019,たもぎたけ　生,3.3,23.0,0.2,3.1,3.3,,,,,,prosky
08020,なめこ　株採り　生,3.4,21.0,1.0,2.4,3.4,,,,,,prosky
08021,なめこ　株採り　ゆで,2.8,22.0,1.1,1.7,2.8,,,,,,prosky
08058,なめこ　カットなめこ　生,1.9,14.0,,,,0.1,0.7,1.2,,1.9,aoac2011.25
08022,なめこ　水煮缶詰,2.5,13.0,0.2,2.3,2.5,,,,,,prosky
08023,ぬめりすぎたけ　生,2.5,23.0,0.3,2.2,2.5,,,,,,prosky
08024,（ひらたけ類）　うすひらたけ　生,3.8,37.0,0.3,3.5,3.8,,,,,,prosky
08025,（ひらたけ類）　エリンギ　生,3.4,31.0,0.2,3.2,3.4,,,,,,prosky
08048,（ひらたけ類）　エリンギ　ゆで,4.8,32.0,0.1,4.7,4.8,,,,,,prosky
08049,（ひらたけ類）　エリンギ　焼き,5.4,41.0,0.2,5.2,5.4,,,,,,prosky
08050,（ひらたけ類）　エリンギ　油いため,4.2,69.0,0.2,4.1,4.2,,,,,,prosky
08026,（ひらたけ類）　ひらたけ　生,2.6,34.0,0.2,2.4,2.6,,,,,,prosky
08027,（ひらたけ類）　ひらたけ　ゆで,3.7,33.0,0.2,3.5,3.7,,,,,,prosky
08028,まいたけ　生,3.5,22.0,0.3,3.2,3.5,,,,,,prosky
08029,まいたけ　ゆで,4.3,27.0,0.2,4.1,4.3,,,,,,prosky
08051,まいたけ　油いため,4.7,67.0,0.3,4.4,4.7,,,,,,prosky
08030,まいたけ　乾,40.9,273.0,1.5,39.4,40.9,,,,,,prosky
08031,マッシュルーム　生,2.0,15.0,0.2,1.8,2.0,,,,,,prosky
08032,マッシュルーム　ゆで,3.3,20.0,0.1,3.2,3.3,,,,,,prosky
08052,マッシュルーム　油いため,3.4,57.0,0.2,3.2,3.4,,,,,,prosky
08059,マッシュルーム　ブラウン種　生,2.5,18.0,,,,0.1,0.4,2.0,,2.5,aoac2011.25
08033,マッシュルーム　水煮缶詰,3.2,18.0,0.5,2.7,3.2,,,,,,prosky
08034,まつたけ　生,4.7,32.0,0.3,4.4,4.7,,,,,,prosky
08036,やなぎまつたけ　生,3.0,20.0,0.3,2.7,3.0,,,,,,prosky
09001,あおさ　素干し,29.1,201.0,,,29.1,,,,,,prosky
09002,あおのり　素干し,35.2,249.0,,,35.2,,,,,,prosky
09003,あまのり　ほしのり,31.2,276.0,,,31.2,,,,,,prosky
09004,あまのり　焼きのり,36.0,297.0,,,36.0,,,,,,prosky
09005,あまのり　味付けのり,25.2,303.0,,,25.2,,,,,,prosky
09006,あらめ　蒸し干し,48.0,184.0,,,48.0,,,,,,prosky
09007,いわのり　素干し,36.4,228.0,,,36.4,,,,,,prosky
09012,うみぶどう　生,0.8,6.0,,,0.8,,,,,,prosky
09008,えごのり　素干し,53.3,179.0,,,53.3,,,,,,prosky
09009,えごのり　おきうと,2.5,7.0,,,2.5,,,,,,prosky
09010,おごのり　塩蔵　塩抜き,7.5,26.0,,,7.5,,,,,,prosky
09011,かわのり　素干し,41.7,247.0,,,41.7,,,,,,prosky
09013,（こんぶ類）　えながおにこんぶ　素干し,24.9,224.0,,,24.9,,,,,,prosky
09014,（こんぶ類）　がごめこんぶ　素干し,34.2,216.0,,,34.2,,,,,,prosky
09015,（こんぶ類）　ながこんぶ　素干し,36.8,205.0,,,36.8,,,,,,prosky
09016,（こんぶ類）　ほそめこんぶ　素干し,32.9,227.0,,,32.9,,,,,,prosky
09017,（こんぶ類）　まこんぶ　素干し　乾,32.1,170.0,,,27.1,0.1,,32.1,,32.1,both
09056,（こんぶ類）　まこんぶ　素干し　水煮,8.7,28.0,,,,0.0,,8.7,,8.7,aoac2011.25
09018,（こんぶ類）　みついしこんぶ　素干し,34.8,235.0,,,34.8,,,,,,prosky
09019,（こんぶ類）　りしりこんぶ　素干し,31.4,211.0,,,31.4,,,,,,prosky
09020,（こんぶ類）　刻み昆布,39.1,119.0,,,39.1,,,,,,prosky
09021,（こんぶ類）　削り昆布,28.2,177.0,,,28.2,,,,,,prosky
09022,（こんぶ類）　塩昆布,13.1,193.0,,,13.1,,,,,,prosky
09023,（こんぶ類）　つくだ煮,6.8,150.0,,,6.8,,,,,,prosky
09024,すいぜんじのり　素干し　水戻し,2.1,10.0,,,2.1,,,,,,prosky
09025,てんぐさ　素干し,47.3,194.0,,,47.3,,,,,,prosky
09026,てんぐさ　ところてん,0.6,2.0,,,0.6,,,,,,prosky
09027,てんぐさ　角寒天,74.1,159.0,,,74.1,,,,,,prosky
09028,てんぐさ　寒天,1.5,3.0,,,1.5,,,,,,prosky
09049,てんぐさ　粉寒天,79.0,160.0,,,79.0,,,,,,prosky
09029,とさかのり　赤とさか　塩蔵　塩抜き,4.0,19.0,,,4.0,,,,,,prosky
09030,とさかのり　青とさか　塩蔵　塩抜き,4.1,17.0,,,4.1,,,,,,prosky
09050,ひじき　ほしひじき　ステンレス釜　乾,51.8,180.0,,,51.8,,,,,,prosky
09051,ひじき　ほしひじき　ステンレス釜　ゆで,3.7,11.0,,,3.7,,,,,,prosky
09052,ひじき　ほしひじき　ステンレス釜　油いため,4.5,51.0,,,4.5,,,,,,prosky
09053,ひじき　ほしひじき　鉄釜　乾,51.8,186.0,,,51.8,,,,,,prosky
09054,ひじき　ほしひじき　鉄釜　ゆで,3.7,13.0,,,3.7,,,,,,prosky
09055,ひじき　ほしひじき　鉄釜　油いため,4.5,54.0,,,4.5,,,,,,prosky
09032,ひとえぐさ　素干し,44.2,172.0,,,44.2,,,,,,prosky
09033,ひとえぐさ　つくだ煮,4.1,148.0,,,4.1,,,,,,prosky
09034,ふのり　素干し,43.1,207.0,,,43.1,,,,,,prosky
09035,まつも　素干し,28.5,252.0,,,28.5,,,,,,prosky
09036,むかでのり　塩蔵　塩抜き,4.2,12.0,,,4.2,,,,,,prosky
09037,（もずく類）　おきなわもずく　塩蔵　塩抜き,2.0,7.0,,,2.0,,,,,,prosky
09038,（もずく類）　もずく　塩蔵　塩抜き,1.4,4.0,,,1.4,,,,,,prosky
09039,わかめ　原藻　生,3.6,24.0,,,3.6,,,,,,prosky
09040,わかめ　乾燥わかめ　素干し,29.8,172.0,,,29.0,0.2,29.5,,,29.8,both
09041,わかめ　乾燥わかめ　素干し　水戻し,4.3,20.0,,,4.0,0.0,4.3,,,4.3,both
09060,わかめ　乾燥わかめ　素干し　水戻し　水煮,2.9,10.0,,,,,2.9,,,2.9,aoac2011.25
09042,わかめ　乾燥わかめ　板わかめ,31.7,200.0,,,31.7,,,,,,prosky
09043,わかめ　乾燥わかめ　灰干し　水戻し,2.2,9.0,,,2.2,,,,,,prosky
09044,わかめ　カットわかめ　乾,39.2,186.0,,,35.4,0.1,39.1,,,39.2,both
09058,わかめ　カットわかめ　水煮　（沸騰水で短時間加熱したもの）,3.2,17.0,,,,0.0,3.2,,,3.2,aoac2011.25
09059,わかめ　カットわかめ　水煮の汁,0.0,0.0,,,,0.0,0.0,,,0.0,aoac2011.25
09045,わかめ　湯通し塩蔵わかめ　塩抜き　生,2.9,16.0,,,3.2,0.0,,2.9,,2.9,both
09057,わかめ　湯通し塩蔵わかめ　塩抜き　ゆで,1.1,7.0,,,,0.0,,1.1,,1.1,aoac2011.25
09046,わかめ　くきわかめ　湯通し塩蔵　塩抜き,5.1,18.0,,,5.1,,,,,,prosky
09047,わかめ　めかぶわかめ　生,3.4,14.0,,,3.4,,,,,,prosky
10001,＜魚類＞　あいなめ　生,0.0,105.0,,,,,,,,,none
10002,＜魚類＞　あこうだい　生,0.0,86.0,,,,,,,,,none
10003,＜魚類＞　（あじ類）　まあじ　皮つき　生,0.0,112.0,,,,,,,,,none
10389,＜魚類＞　（あじ類）　まあじ　皮なし　生,0.0,108.0,,,,,,,,,none
10004,＜魚類＞　（あじ類）　まあじ　皮つき　水煮,0.0,136.0,,,,,,,,,none
10005,＜魚類＞　（あじ類）　まあじ　皮つき　焼き,0.0,157.0,,,,,,,,,none
10390,＜魚類＞　（あじ類）　まあじ　皮つき　フライ,,270.0,,,,,,,,,none
10006,＜魚類＞　（あじ類）　まあじ　開き干し　生,0.0,150.0,,,,,,,,,none
10007,＜魚類＞　（あじ類）　まあじ　開き干し　焼き,0.0,194.0,,,,,,,,,none
10391,＜魚類＞　（あじ類）　まあじ　小型　骨付き　生,0.0,114.0,,,,,,,,,none
10392,＜魚類＞　（あじ類）　まあじ　小型　骨付き　から揚げ,,268.0,,,,,,,,,none
10393,＜魚類＞　（あじ類）　まるあじ　生,0.0,133.0,,,,,,,,,none
10394,＜魚類＞　（あじ類）　まるあじ　焼き,0.0,175.0,,,,,,,,,none
10008,＜魚類＞　（あじ類）　にしまあじ　生,0.0,156.0,,,,,,,,,none
10009,＜魚類＞　（あじ類）　にしまあじ　水煮,0.0,160.0,,,,,,,,,none
10010,＜魚類＞　（あじ類）　にしまあじ　焼き,0.0,186.0,,,,,,,,,none
10457,＜魚類＞　（あじ類）　にしまあじ　開き干し　生,,163.0,,,,,,,,,none
10458,＜魚類＞　（あじ類）　にしまあじ　開き干し　焼き,,203.0,,,,,,,,,none
10011,＜魚類＞　（あじ類）　むろあじ　生,0.0,147.0,,,,,,,,,none
10012,＜魚類＞　（あじ類）　むろあじ　焼き,0.0,167.0,,,,,,,,,none
10013,＜魚類＞　（あじ類）　むろあじ　開き干し,0.0,140.0,,,,,,,,,none
10014,＜魚類＞　（あじ類）　むろあじ　くさや,0.0,223.0,,,,,,,,,none
10015,＜魚類＞　あなご　生,0.0,146.0,,,,,,,,,none
10016,＜魚類＞　あなご　蒸し,0.0,173.0,,,,,,,,,none
10017,＜魚類＞　あまご　養殖　生,0.0,102.0,,,,,,,,,none
10018,＜魚類＞　あまだい　生,0.0,102.0,,,,,,,,,none
10019,＜魚類＞　あまだい　水煮,0.0,113.0,,,,,,,,,none
10020,＜魚類＞　あまだい　焼き,0.0,110.0,,,,,,,,,none
10021,＜魚類＞　あゆ　天然　生,0.0,93.0,,,,,,,,,none
10022,＜魚類＞　あゆ　天然　焼き,0.0,149.0,,,,,,,,,none
10023,＜魚類＞　あゆ　天然　内臓　生,0.0,180.0,,,,,,,,,none
10024,＜魚類＞　あゆ　天然　内臓　焼き,0.0,161.0,,,,,,,,,none
10025,＜魚類＞　あゆ　養殖　生,0.0,138.0,,,,,,,,,none
10026,＜魚類＞　あゆ　養殖　焼き,0.0,202.0,,,,,,,,,none
10027,＜魚類＞　あゆ　養殖　内臓　生,0.0,485.0,,,,,,,,,none
10028,＜魚類＞　あゆ　養殖　内臓　焼き,0.0,500.0,,,,,,,,,none
10029,＜魚類＞　あゆ　うるか,0.0,157.0,,,,,,,,,none
10030,＜魚類＞　アラスカめぬけ　生,0.0,96.0,,,,,,,,,none
10031,＜魚類＞　あんこう　生,0.0,54.0,,,,,,,,,none
10032,＜魚類＞　あんこう　きも　生,0.0,401.0,,,,,,,,,none
10033,＜魚類＞　いかなご　生,0.0,111.0,,,,,,,,,none
10034,＜魚類＞　いかなご　煮干し,0.0,218.0,,,,,,,,,none
10035,＜魚類＞　いかなご　つくだ煮,0.0,271.0,,,,,,,,,none
10036,＜魚類＞　いかなご　あめ煮,0.0,268.0,,,,,,,,,none
10037,＜魚類＞　いさき　生,0.0,116.0,,,,,,,,,none
10038,＜魚類＞　いしだい　生,0.0,138.0,,,,,,,,,none
10039,＜魚類＞　いとよりだい　生,0.0,85.0,,,,,,,,,none
10040,＜魚類＞　いとよりだい　すり身,0.0,90.0,,,,,,,,,none
10041,＜魚類＞　いぼだい　生,0.0,132.0,,,,,,,,,none
10042,＜魚類＞　（いわし類）　うるめいわし　生,0.0,124.0,,,,,,,,,none
10043,＜魚類＞　（いわし類）　うるめいわし　丸干し,0.0,219.0,,,,,,,,,none
10044,＜魚類＞　（いわし類）　かたくちいわし　生,0.0,171.0,,,,,,,,,none
10045,＜魚類＞　（いわし類）　かたくちいわし　煮干し,0.0,298.0,,,,,,,,,none
10046,＜魚類＞　（いわし類）　かたくちいわし　田作り,0.0,304.0,,,,,,,,,none
10047,＜魚類＞　（いわし類）　まいわし　生,0.0,156.0,,,,,,,,,none
10048,＜魚類＞　（いわし類）　まいわし　水煮,0.0,182.0,,,,,,,,,none
10049,＜魚類＞　（いわし類）　まいわし　焼き,0.0,199.0,,,,,,,,,none
10395,＜魚類＞　（いわし類）　まいわし　フライ,,384.0,,,,,,,,,none
10050,＜魚類＞　（いわし類）　まいわし　塩いわし,0.0,143.0,,,,,,,,,none
10051,＜魚類＞　（いわし類）　まいわし　生干し,0.0,217.0,,,,,,,,,none
10052,＜魚類＞　（いわし類）　まいわし　丸干し,0.0,177.0,,,,,,,,,none
10053,＜魚類＞　（いわし類）　めざし　生,0.0,206.0,,,,,,,,,none
10054,＜魚類＞　（いわし類）　めざし　焼き,0.0,200.0,,,,,,,,,none
10396,＜魚類＞　（いわし類）　しらす　生,0.0,67.0,,,,,,,,,none
10445,＜魚類＞　（いわし類）　しらす　釜揚げしらす,0.0,84.0,,,,,,,,,none
10055,＜魚類＞　（いわし類）　しらす干し　微乾燥品,0.0,113.0,,,,,,,,,none
10056,＜魚類＞　（いわし類）　しらす干し　半乾燥品,0.0,187.0,,,,,,,,,none
10057,＜魚類＞　（いわし類）　たたみいわし,0.0,348.0,,,,,,,,,none
10058,＜魚類＞　（いわし類）　みりん干し　かたくちいわし,0.0,330.0,,,,,,,,,none
10059,＜魚類＞　（いわし類）　みりん干し　まいわし,0.0,314.0,,,,,,,,,none
10060,＜魚類＞　（いわし類）　缶詰　水煮,0.0,168.0,,,,,,,,,none
10061,＜魚類＞　（いわし類）　缶詰　味付け,0.0,203.0,,,,,,,,,none
10062,＜魚類＞　（いわし類）　缶詰　トマト漬,0.0,167.0,,,,,,,,,none
10063,＜魚類＞　（いわし類）　缶詰　油漬,0.0,351.0,,,,,,,,,none
10064,＜魚類＞　（いわし類）　缶詰　かば焼,0.0,234.0,,,,,,,,,none
10397,＜魚類＞　（いわし類）　缶詰　アンチョビ,0.0,157.0,,,,,,,,,none
10065,＜魚類＞　いわな　養殖　生,0.0,101.0,,,,,,,,,none
10066,＜魚類＞　うぐい　生,0.0,93.0,,,,,,,,,none
10067,＜魚類＞　うなぎ　養殖　生,0.0,228.0,,,,,,,,,none
10068,＜魚類＞　うなぎ　きも　生,0.0,102.0,,,,,,,,,none
10069,＜魚類＞　うなぎ　白焼き,0.0,300.0,,,,,,,,,none
10070,＜魚類＞　うなぎ　かば焼,0.0,285.0,,,,,,,,,none
10071,＜魚類＞　うまづらはぎ　生,0.0,75.0,,,,,,,,,none
10072,＜魚類＞　うまづらはぎ　味付け開き干し,0.0,289.0,,,,,,,,,none
10073,＜魚類＞　えい　生,0.0,79.0,,,,,,,,,none
10074,＜魚類＞　えそ　生,0.0,87.0,,,,,,,,,none
10075,＜魚類＞　おいかわ　生,0.0,124.0,,,,,,,,,none
10076,＜魚類＞　おおさが　生,0.0,131.0,,,,,,,,,none
10077,＜魚類＞　おこぜ　生,0.0,81.0,,,,,,,,,none
10078,＜魚類＞　おひょう　生,0.0,93.0,,,,,,,,,none
10079,＜魚類＞　かさご　生,0.0,83.0,,,,,,,,,none
10080,＜魚類＞　かじか　生,0.0,98.0,,,,,,,,,none
10081,＜魚類＞　かじか　水煮,0.0,108.0,,,,,,,,,none
10082,＜魚類＞　かじか　つくだ煮,0.0,293.0,,,,,,,,,none
10083,＜魚類＞　（かじき類）　くろかじき　生,0.0,93.0,,,,,,,,,none
10084,＜魚類＞　（かじき類）　まかじき　生,0.0,107.0,,,,,,,,,none
10085,＜魚類＞　（かじき類）　めかじき　生,0.0,139.0,,,,,,,,,none
10398,＜魚類＞　（かじき類）　めかじき　焼き,0.0,202.0,,,,,,,,,none
10086,＜魚類＞　（かつお類）　かつお　春獲り　生,0.0,108.0,,,,,,,,,none
10087,＜魚類＞　（かつお類）　かつお　秋獲り　生,0.0,150.0,,,,,,,,,none
10088,＜魚類＞　（かつお類）　そうだがつお　生,0.0,126.0,,,,,,,,,none
10089,＜魚類＞　（かつお類）　加工品　なまり,0.0,126.0,,,,,,,,,none
10090,＜魚類＞　（かつお類）　加工品　なまり節,0.0,162.0,,,,,,,,,none
10446,＜魚類＞　（かつお類）　加工品　裸節,0.0,309.0,,,,,,,,,none
10091,＜魚類＞　（かつお類）　加工品　かつお節,0.0,332.0,,,,,,,,,none
10092,＜魚類＞　（かつお類）　加工品　削り節,0.0,327.0,,,,,,,,,none
10093,＜魚類＞　（かつお類）　加工品　削り節つくだ煮,0.0,233.0,,,,,,,,,none
10094,＜魚類＞　（かつお類）　加工品　角煮,0.0,221.0,,,,,,,,,none
10095,＜魚類＞　（かつお類）　加工品　塩辛,0.0,58.0,,,,,,,,,none
10096,＜魚類＞　（かつお類）　缶詰　味付け　フレーク,0.0,139.0,,,,,,,,,none
10097,＜魚類＞　（かつお類）　缶詰　油漬　フレーク,0.0,289.0,,,,,,,,,none
10098,＜魚類＞　かます　生,0.0,137.0,,,,,,,,,none
10099,＜魚類＞　かます　焼き,0.0,134.0,,,,,,,,,none
10100,＜魚類＞　（かれい類）　まがれい　生,0.0,89.0,,,,,,,,,none
10101,＜魚類＞　（かれい類）　まがれい　水煮,0.0,97.0,,,,,,,,,none
10102,＜魚類＞　（かれい類）　まがれい　焼き,0.0,104.0,,,,,,,,,none
10103,＜魚類＞　（かれい類）　まこがれい　生,0.0,86.0,,,,,,,,,none
10399,＜魚類＞　（かれい類）　まこがれい　焼き,0.0,138.0,,,,,,,,,none
10104,＜魚類＞　（かれい類）　子持ちがれい　生,0.0,123.0,,,,,,,,,none
10105,＜魚類＞　（かれい類）　子持ちがれい　水煮,0.0,137.0,,,,,,,,,none
10106,＜魚類＞　（かれい類）　干しかれい,0.0,104.0,,,,,,,,,none
10107,＜魚類＞　かわはぎ　生,0.0,77.0,,,,,,,,,none
10108,＜魚類＞　かんぱち　三枚おろし　生,0.0,119.0,,,,,,,,,none
10424,＜魚類＞　かんぱち　背側　生,0.0,95.0,,,,,,,,,none
10109,＜魚類＞　きす　生,0.0,73.0,,,,,,,,,none
10400,＜魚類＞　きす　天ぷら,0.7,234.0,0.1,0.6,0.7,,,,,,prosky
10110,＜魚類＞　きちじ　生,0.0,238.0,,,,,,,,,none
10111,＜魚類＞　きびなご　生,0.0,85.0,,,,,,,,,none
10112,＜魚類＞　きびなご　調味干し,0.0,241.0,,,,,,,,,none
10113,＜魚類＞　キャビア　塩蔵品,0.0,242.0,,,,,,,,,none
10114,＜魚類＞　キングクリップ　生,0.0,73.0,,,,,,,,,none
10115,＜魚類＞　ぎんだら　生,0.0,210.0,,,,,,,,,none
10401,＜魚類＞　ぎんだら　水煮,0.0,253.0,,,,,,,,,none
10116,＜魚類＞　きんめだい　生,0.0,147.0,,,,,,,,,none
10117,＜魚類＞　ぐち　生,0.0,78.0,,,,,,,,,none
10118,＜魚類＞　ぐち　焼き,0.0,100.0,,,,,,,,,none
10119,＜魚類＞　こい　養殖　生,0.0,157.0,,,,,,,,,none
10120,＜魚類＞　こい　養殖　水煮,0.0,190.0,,,,,,,,,none
10121,＜魚類＞　こい　養殖　内臓　生,0.0,258.0,,,,,,,,,none
10122,＜魚類＞　（こち類）　まごち　生,0.0,94.0,,,,,,,,,none
10123,＜魚類＞　（こち類）　めごち　生,0.0,73.0,,,,,,,,,none
10124,＜魚類＞　このしろ　生,0.0,146.0,,,,,,,,,none
10125,＜魚類＞　このしろ　甘酢漬,0.0,184.0,,,,,,,,,none
10126,＜魚類＞　（さけ・ます類）　からふとます　生,0.0,139.0,,,,,,,,,none
10127,＜魚類＞　（さけ・ます類）　からふとます　焼き,0.0,175.0,,,,,,,,,none
10128,＜魚類＞　（さけ・ます類）　からふとます　塩ます,0.0,146.0,,,,,,,,,none
10129,＜魚類＞　（さけ・ます類）　からふとます　水煮缶詰,0.0,145.0,,,,,,,,,none
10130,＜魚類＞　（さけ・ます類）　ぎんざけ　養殖　生,0.0,188.0,,,,,,,,,none
10131,＜魚類＞　（さけ・ます類）　ぎんざけ　養殖　焼き,0.0,236.0,,,,,,,,,none
10132,＜魚類＞　（さけ・ます類）　さくらます　生,0.0,146.0,,,,,,,,,none
10133,＜魚類＞　（さけ・ます類）　さくらます　焼き,0.0,208.0,,,,,,,,,none
10134,＜魚類＞　（さけ・ます類）　しろさけ　生,0.0,124.0,,,,,,,,,none
10135,＜魚類＞　（さけ・ます類）　しろさけ　水煮,0.0,142.0,,,,,,,,,none
10136,＜魚類＞　（さけ・ます類）　しろさけ　焼き,0.0,160.0,,,,,,,,,none
10137,＜魚類＞　（さけ・ます類）　しろさけ　新巻き　生,0.0,138.0,,,,,,,,,none
10138,＜魚類＞　（さけ・ます類）　しろさけ　新巻き　焼き,0.0,177.0,,,,,,,,,none
10139,＜魚類＞　（さけ・ます類）　しろさけ　塩ざけ,0.0,183.0,,,,,,,,,none
10140,＜魚類＞　（さけ・ます類）　しろさけ　イクラ,0.0,252.0,,,,,,,,,none
10141,＜魚類＞　（さけ・ます類）　しろさけ　すじこ,0.0,263.0,,,,,,,,,none
10142,＜魚類＞　（さけ・ます類）　しろさけ　めふん,0.0,74.0,,,,,,,,,none
10143,＜魚類＞　（さけ・ます類）　しろさけ　水煮缶詰,0.0,156.0,,,,,,,,,none
10447,＜魚類＞　（さけ・ます類）　しろさけ　サケ節　削り節,0.0,346.0,,,,,,,,,none
10144,＜魚類＞　（さけ・ます類）　たいせいようさけ　養殖　皮つき　生,0.0,218.0,,,,,,,,,none
10433,＜魚類＞　（さけ・ます類）　たいせいようさけ　養殖　皮つき　水煮,0.0,236.0,,,,,,,,,none
10434,＜魚類＞　（さけ・ます類）　たいせいようさけ　養殖　皮つき　蒸し,0.0,230.0,,,,,,,,,none
10435,＜魚類＞　（さけ・ます類）　たいせいようさけ　養殖　皮つき　電子レンジ調理,0.0,223.0,,,,,,,,,none
10145,＜魚類＞　（さけ・ます類）　たいせいようさけ　養殖　皮つき　焼き,0.0,270.0,,,,,,,,,none
10436,＜魚類＞　（さけ・ます類）　たいせいようさけ　養殖　皮つき　ソテー,0.0,266.0,,,,,,,,,none
10437,＜魚類＞　（さけ・ます類）　たいせいようさけ　養殖　皮つき　天ぷら,,282.0,,,,,,,,,none
10438,＜魚類＞　（さけ・ます類）　たいせいようさけ　養殖　皮なし　生,0.0,223.0,,,,,,,,,none
10439,＜魚類＞　（さけ・ます類）　たいせいようさけ　養殖　皮なし　水煮,0.0,244.0,,,,,,,,,none
10440,＜魚類＞　（さけ・ます類）　たいせいようさけ　養殖　皮なし　蒸し,0.0,228.0,,,,,,,,,none
10441,＜魚類＞　（さけ・ます類）　たいせいようさけ　養殖　皮なし　電子レンジ調理,0.0,231.0,,,,,,,,,none
10442,＜魚類＞　（さけ・ます類）　たいせいようさけ　養殖　皮なし　焼き,0.0,229.0,,,,,,,,,none
10443,＜魚類＞　（さけ・ます類）　たいせいようさけ　養殖　皮なし　ソテー,0.0,269.0,,,,,,,,,none
10444,＜魚類＞　（さけ・ます類）　たいせいようさけ　養殖　皮なし　天ぷら,,266.0,,,,,,,,,none
10146,＜魚類＞　（さけ・ます類）　にじます　海面養殖　皮つき　生,0.0,201.0,,,,,,,,,none
10402,＜魚類＞　（さけ・ます類）　にじます　海面養殖　皮なし　生,0.0,176.0,,,,,,,,,none
10147,＜魚類＞　（さけ・ます類）　にじます　海面養殖　皮つき　焼き,0.0,238.0,,,,,,,,,none
10148,＜魚類＞　（さけ・ます類）　にじます　淡水養殖　皮つき　生,0.0,116.0,,,,,,,,,none
10149,＜魚類＞　（さけ・ます類）　べにざけ　生,0.0,127.0,,,,,,,,,none
10150,＜魚類＞　（さけ・ます類）　べにざけ　焼き,0.0,163.0,,,,,,,,,none
10151,＜魚類＞　（さけ・ます類）　べにざけ　くん製,0.0,143.0,,,,,,,,,none
10152,＜魚類＞　（さけ・ます類）　ますのすけ　生,0.0,176.0,,,,,,,,,none
10153,＜魚類＞　（さけ・ます類）　ますのすけ　焼き,0.0,238.0,,,,,,,,,none
10154,＜魚類＞　（さば類）　まさば　生,0.0,211.0,,,,,,,,,none
10155,＜魚類＞　（さば類）　まさば　水煮,0.0,253.0,,,,,,,,,none
10156,＜魚類＞　（さば類）　まさば　焼き,0.0,264.0,,,,,,,,,none
10403,＜魚類＞　（さば類）　まさば　フライ,,316.0,,,,,,,,,none
10404,＜魚類＞　（さば類）　ごまさば　生,0.0,131.0,,,,,,,,,none
10405,＜魚類＞　（さば類）　ごまさば　水煮,0.0,139.0,,,,,,,,,none
10406,＜魚類＞　（さば類）　ごまさば　焼き,0.0,174.0,,,,,,,,,none
10157,＜魚類＞　（さば類）　ごまさば　さば節,0.0,330.0,,,,,,,,,none
10158,＜魚類＞　（さば類）　たいせいようさば　生,0.0,295.0,,,,,,,,,none
10159,＜魚類＞　（さば類）　たいせいようさば　水煮,0.0,310.0,,,,,,,,,none
10160,＜魚類＞　（さば類）　たいせいようさば　焼き,0.0,326.0,,,,,,,,,none
10161,＜魚類＞　（さば類）　加工品　塩さば,0.0,263.0,,,,,,,,,none
10162,＜魚類＞　（さば類）　加工品　開き干し,0.0,303.0,,,,,,,,,none
10163,＜魚類＞　（さば類）　加工品　しめさば,0.0,292.0,,,,,,,,,none
10164,＜魚類＞　（さば類）　缶詰　水煮,0.0,174.0,,,,,,,,,none
10165,＜魚類＞　（さば類）　缶詰　みそ煮,0.0,210.0,,,,,,,,,none
10166,＜魚類＞　（さば類）　缶詰　味付け,0.0,208.0,,,,,,,,,none
10167,＜魚類＞　（さめ類）　あぶらつのざめ　生,0.0,138.0,,,,,,,,,none
10168,＜魚類＞　（さめ類）　よしきりざめ　生,0.0,79.0,,,,,,,,,none
10169,＜魚類＞　（さめ類）　ふかひれ,0.0,344.0,,,,,,,,,none
10170,＜魚類＞　さより　生,0.0,88.0,,,,,,,,,none
10171,＜魚類＞　さわら　生,0.0,161.0,,,,,,,,,none
10172,＜魚類＞　さわら　焼き,0.0,184.0,,,,,,,,,none
10173,＜魚類＞　さんま　皮つき　生,0.0,287.0,,,,,,,,,none
10407,＜魚類＞　さんま　皮なし　生,0.0,277.0,,,,,,,,,none
10174,＜魚類＞　さんま　皮つき　焼き,0.0,281.0,,,,,,,,,none
10175,＜魚類＞　さんま　開き干し,0.0,232.0,,,,,,,,,none
10176,＜魚類＞　さんま　みりん干し,0.0,382.0,,,,,,,,,none
10177,＜魚類＞　さんま　缶詰　味付け,0.0,259.0,,,,,,,,,none
10178,＜魚類＞　さんま　缶詰　かば焼,0.0,219.0,,,,,,,,,none
10179,＜魚類＞　しいら　生,0.0,100.0,,,,,,,,,none
10180,＜魚類＞　（ししゃも類）　ししゃも　生干し　生,0.0,152.0,,,,,,,,,none
10181,＜魚類＞　（ししゃも類）　ししゃも　生干し　焼き,0.0,162.0,,,,,,,,,none
10182,＜魚類＞　（ししゃも類）　からふとししゃも　生干し　生,0.0,160.0,,,,,,,,,none
10183,＜魚類＞　（ししゃも類）　からふとししゃも　生干し　焼き,0.0,170.0,,,,,,,,,none
10184,＜魚類＞　したびらめ　生,0.0,89.0,,,,,,,,,none
10185,＜魚類＞　しまあじ　養殖　生,0.0,153.0,,,,,,,,,none
10186,＜魚類＞　しらうお　生,0.0,70.0,,,,,,,,,none
10187,＜魚類＞　シルバー　生,0.0,138.0,,,,,,,,,none
10188,＜魚類＞　すずき　生,0.0,113.0,,,,,,,,,none
10189,＜魚類＞　（たい類）　きだい　生,0.0,100.0,,,,,,,,,none
10190,＜魚類＞　（たい類）　くろだい　生,0.0,137.0,,,,,,,,,none
10191,＜魚類＞　（たい類）　ちだい　生,0.0,97.0,,,,,,,,,none
10192,＜魚類＞　（たい類）　まだい　天然　生,0.0,129.0,,,,,,,,,none
10193,＜魚類＞　（たい類）　まだい　養殖　皮つき　生,0.0,160.0,,,,,,,,,none
10194,＜魚類＞　（たい類）　まだい　養殖　皮つき　水煮,0.0,182.0,,,,,,,,,none
10195,＜魚類＞　（たい類）　まだい　養殖　皮つき　焼き,0.0,186.0,,,,,,,,,none
10408,＜魚類＞　（たい類）　まだい　養殖　皮なし　生,0.0,131.0,,,,,,,,,none
10196,＜魚類＞　たかさご　生,0.0,93.0,,,,,,,,,none
10197,＜魚類＞　たかべ　生,0.0,148.0,,,,,,,,,none
10198,＜魚類＞　たちうお　生,0.0,238.0,,,,,,,,,none
10199,＜魚類＞　（たら類）　すけとうだら　生,0.0,72.0,,,,,,,,,none
10409,＜魚類＞　（たら類）　すけとうだら　フライ,,195.0,,,,,,,,,none
10200,＜魚類＞　（たら類）　すけとうだら　すり身,0.0,98.0,,,,,,,,,none
10201,＜魚類＞　（たら類）　すけとうだら　すきみだら,0.0,165.0,,,,,,,,,none
10202,＜魚類＞　（たら類）　すけとうだら　たらこ　生,0.0,131.0,,,,,,,,,none
10203,＜魚類＞　（たら類）　すけとうだら　たらこ　焼き,0.0,158.0,,,,,,,,,none
10204,＜魚類＞　（たら類）　すけとうだら　からしめんたいこ,0.0,121.0,,,,,,,,,none
10205,＜魚類＞　（たら類）　まだら　生,0.0,72.0,,,,,,,,,none
10206,＜魚類＞　（たら類）　まだら　焼き,0.0,103.0,,,,,,,,,none
10207,＜魚類＞　（たら類）　まだら　しらこ　生,0.0,60.0,,,,,,,,,none
10208,＜魚類＞　（たら類）　まだら　塩だら,0.0,61.0,,,,,,,,,none
10209,＜魚類＞　（たら類）　まだら　干しだら,0.0,299.0,,,,,,,,,none
10210,＜魚類＞　（たら類）　加工品　でんぶ,0.0,276.0,,,,,,,,,none
10448,＜魚類＞　（たら類）　加工品　桜でんぶ,0.0,351.0,,,,,,,,,none
10211,＜魚類＞　ちか　生,0.0,82.0,,,,,,,,,none
10213,＜魚類＞　どじょう　生,0.0,72.0,,,,,,,,,none
10214,＜魚類＞　どじょう　水煮,0.0,76.0,,,,,,,,,none
10215,＜魚類＞　とびうお　生,0.0,89.0,,,,,,,,,none
10421,＜魚類＞　とびうお　煮干し,0.0,325.0,,,,,,,,,none
10422,＜魚類＞　とびうお　焼き干し,0.0,309.0,,,,,,,,,none
10212,＜魚類＞　ナイルティラピア　生,0.0,124.0,,,,,,,,,none
10216,＜魚類＞　なまず　生,0.0,145.0,,,,,,,,,none
10217,＜魚類＞　にぎす　生,0.0,84.0,,,,,,,,,none
10218,＜魚類＞　にしん　生,0.0,196.0,,,,,,,,,none
10219,＜魚類＞　にしん　身欠きにしん,0.0,224.0,,,,,,,,,none
10220,＜魚類＞　にしん　開き干し,0.0,239.0,,,,,,,,,none
10221,＜魚類＞　にしん　くん製,0.0,280.0,,,,,,,,,none
10222,＜魚類＞　にしん　かずのこ　生,0.0,139.0,,,,,,,,,none
10223,＜魚類＞　にしん　かずのこ　乾,0.0,358.0,,,,,,,,,none
10224,＜魚類＞　にしん　かずのこ　塩蔵　水戻し,0.0,80.0,,,,,,,,,none
10225,＜魚類＞　はぜ　生,0.0,78.0,,,,,,,,,none
10226,＜魚類＞　はぜ　つくだ煮,0.0,277.0,,,,,,,,,none
10227,＜魚類＞　はぜ　甘露煮,0.0,260.0,,,,,,,,,none
10228,＜魚類＞　はたはた　生,0.0,101.0,,,,,,,,,none
10229,＜魚類＞　はたはた　生干し,0.0,154.0,,,,,,,,,none
10230,＜魚類＞　はまふえふき　生,0.0,85.0,,,,,,,,,none
10231,＜魚類＞　はも　生,0.0,132.0,,,,,,,,,none
10233,＜魚類＞　ひらまさ　生,0.0,128.0,,,,,,,,,none
10234,＜魚類＞　ひらめ　天然　生,0.0,96.0,,,,,,,,,none
10235,＜魚類＞　ひらめ　養殖　皮つき　生,0.0,115.0,,,,,,,,,none
10410,＜魚類＞　ひらめ　養殖　皮なし　生,0.0,100.0,,,,,,,,,none
10236,＜魚類＞　（ふぐ類）　とらふぐ　養殖　生,0.0,80.0,,,,,,,,,none
10237,＜魚類＞　（ふぐ類）　まふぐ　生,0.0,78.0,,,,,,,,,none
10238,＜魚類＞　ふな　生,0.0,93.0,,,,,,,,,none
10239,＜魚類＞　ふな　水煮,0.0,104.0,,,,,,,,,none
10240,＜魚類＞　ふな　甘露煮,0.0,266.0,,,,,,,,,none
10449,＜魚類＞　ふな　ふなずし,0.0,181.0,,,,,,,,,none
10241,＜魚類＞　ぶり　成魚　生,0.0,222.0,,,,,,,,,none
10242,＜魚類＞　ぶり　成魚　焼き,0.0,260.0,,,,,,,,,none
10243,＜魚類＞　ぶり　はまち　養殖　皮つき　生,0.0,217.0,,,,,,,,,none
10411,＜魚類＞　ぶり　はまち　養殖　皮なし　生,0.0,180.0,,,,,,,,,none
10244,＜魚類＞　ほうぼう　生,0.0,110.0,,,,,,,,,none
10245,＜魚類＞　ホキ　生,0.0,78.0,,,,,,,,,none
10246,＜魚類＞　ほっけ　生,0.0,103.0,,,,,,,,,none
10247,＜魚類＞　ほっけ　塩ほっけ,0.0,113.0,,,,,,,,,none
10248,＜魚類＞　ほっけ　開き干し　生,0.0,161.0,,,,,,,,,none
10412,＜魚類＞　ほっけ　開き干し　焼き,0.0,179.0,,,,,,,,,none
10249,＜魚類＞　ぼら　生,0.0,119.0,,,,,,,,,none
10250,＜魚類＞　ぼら　からすみ,0.0,353.0,,,,,,,,,none
10251,＜魚類＞　ほんもろこ　生,0.0,103.0,,,,,,,,,none
10252,＜魚類＞　（まぐろ類）　きはだ　生,0.0,102.0,,,,,,,,,none
10253,＜魚類＞　（まぐろ類）　くろまぐろ　天然　赤身　生,0.0,115.0,,,,,,,,,none
10254,＜魚類＞　（まぐろ類）　くろまぐろ　天然　脂身　生,0.0,308.0,,,,,,,,,none
10450,＜魚類＞　（まぐろ類）　くろまぐろ　養殖　赤身　生,0.0,153.0,,,,,,,,,none
10451,＜魚類＞　（まぐろ類）　くろまぐろ　養殖　赤身　水煮,0.0,173.0,,,,,,,,,none
10452,＜魚類＞　（まぐろ類）　くろまぐろ　養殖　赤身　蒸し,0.0,187.0,,,,,,,,,none
10453,＜魚類＞　（まぐろ類）　くろまぐろ　養殖　赤身　電子レンジ調理,0.0,191.0,,,,,,,,,none
10454,＜魚類＞　（まぐろ類）　くろまぐろ　養殖　赤身　焼き,0.0,202.0,,,,,,,,,none
10455,＜魚類＞　（まぐろ類）　くろまぐろ　養殖　赤身　ソテー,0.0,194.0,,,,,,,,,none
10456,＜魚類＞　（まぐろ類）　くろまぐろ　養殖　赤身　天ぷら,0.0,222.0,,,,,,,,,none
10459,＜魚類＞　（まぐろ類）　くろまぐろ　養殖　脂身　生,,321.0,,,,,,,,,none
10460,＜魚類＞　（まぐろ類）　くろまぐろ　養殖　脂身　水煮,,330.0,,,,,,,,,none
10461,＜魚類＞　（まぐろ類）　くろまぐろ　養殖　脂身　蒸し,,313.0,,,,,,,,,none
10462,＜魚類＞　（まぐろ類）　くろまぐろ　養殖　脂身　電子レンジ調理,,307.0,,,,,,,,,none
10463,＜魚類＞　（まぐろ類）　くろまぐろ　養殖　脂身　焼き,,342.0,,,,,,,,,none
10464,＜魚類＞　（まぐろ類）　くろまぐろ　養殖　脂身　ソテー,,339.0,,,,,,,,,none
10465,＜魚類＞　（まぐろ類）　くろまぐろ　養殖　脂身　天ぷら,,345.0,,,,,,,,,none
10255,＜魚類＞　（まぐろ類）　びんなが　生,0.0,111.0,,,,,,,,,none
10256,＜魚類＞　（まぐろ類）　みなみまぐろ　赤身　生,0.0,88.0,,,,,,,,,none
10257,＜魚類＞　（まぐろ類）　みなみまぐろ　脂身　生,0.0,322.0,,,,,,,,,none
10258,＜魚類＞　（まぐろ類）　めじまぐろ　生,0.0,139.0,,,,,,,,,none
10425,＜魚類＞　（まぐろ類） めばち　赤身　生,0.0,115.0,,,,,,,,,none
10426,＜魚類＞　（まぐろ類） めばち　脂身　生,0.0,158.0,,,,,,,,,none
10260,＜魚類＞　（まぐろ類）　缶詰　水煮　フレーク　ライト,0.0,70.0,,,,,,,,,none
10261,＜魚類＞　（まぐろ類）　缶詰　水煮　フレーク　ホワイト,0.0,96.0,,,,,,,,,none
10262,＜魚類＞　（まぐろ類）　缶詰　味付け　フレーク,0.0,134.0,,,,,,,,,none
10263,＜魚類＞　（まぐろ類）　缶詰　油漬　フレーク　ライト,0.0,265.0,,,,,,,,,none
10264,＜魚類＞　（まぐろ類）　缶詰　油漬　フレーク　ホワイト,0.0,279.0,,,,,,,,,none
10265,＜魚類＞　マジェランあいなめ　生,0.0,243.0,,,,,,,,,none
10266,＜魚類＞　まながつお　生,0.0,161.0,,,,,,,,,none
10232,＜魚類＞　みなみくろたち　生,0.0,112.0,,,,,,,,,none
10267,＜魚類＞　みなみだら　生,0.0,68.0,,,,,,,,,none
10268,＜魚類＞　むつ　生,0.0,175.0,,,,,,,,,none
10269,＜魚類＞　むつ　水煮,0.0,161.0,,,,,,,,,none
10270,＜魚類＞　めじな　生,0.0,113.0,,,,,,,,,none
10271,＜魚類＞　めばる　生,0.0,100.0,,,,,,,,,none
10272,＜魚類＞　メルルーサ　生,0.0,73.0,,,,,,,,,none
10273,＜魚類＞　やつめうなぎ　生,0.0,245.0,,,,,,,,,none
10274,＜魚類＞　やつめうなぎ　干しやつめ,0.0,449.0,,,,,,,,,none
10275,＜魚類＞　やまめ　養殖　生,0.0,110.0,,,,,,,,,none
10276,＜魚類＞　わかさぎ　生,0.0,71.0,,,,,,,,,none
10277,＜魚類＞　わかさぎ　つくだ煮,0.0,308.0,,,,,,,,,none
10278,＜魚類＞　わかさぎ　あめ煮,0.0,301.0,,,,,,,,,none
10279,＜貝類＞　あかがい　生,0.0,70.0,,,,,,,,,none
10280,＜貝類＞　あげまき　生,0.0,44.0,,,,,,,,,none
10281,＜貝類＞　あさり　生,0.0,29.0,,,,,,,,,none
10466,＜貝類＞　あさり　蒸し,,32.0,,,,,,,,,none
10282,＜貝類＞　あさり　つくだ煮,0.0,218.0,,,,,,,,,none
10283,＜貝類＞　あさり　缶詰　水煮,0.0,102.0,,,,,,,,,none
10284,＜貝類＞　あさり　缶詰　味付け,0.0,124.0,,,,,,,,,none
10427,＜貝類＞　あわび　くろあわび　生,0.0,76.0,,,,,,,,,none
10428,＜貝類＞　あわび　まだかあわび　生,0.0,74.0,,,,,,,,,none
10429,＜貝類＞　あわび　めがいあわび　生,0.0,74.0,,,,,,,,,none
10286,＜貝類＞　あわび　干し,0.0,257.0,,,,,,,,,none
10287,＜貝類＞　あわび　塩辛,0.0,93.0,,,,,,,,,none
10288,＜貝類＞　あわび　水煮缶詰,0.0,85.0,,,,,,,,,none
10289,＜貝類＞　いがい　生,0.0,63.0,,,,,,,,,none
10290,＜貝類＞　いたやがい　養殖　生,0.0,55.0,,,,,,,,,none
10291,＜貝類＞　エスカルゴ　水煮缶詰,0.0,75.0,,,,,,,,,none
10292,＜貝類＞　かき　養殖　生,0.0,58.0,,,,,,,,,none
10293,＜貝類＞　かき　養殖　水煮,0.0,90.0,,,,,,,,,none
10430,＜貝類＞　かき　養殖　フライ,,256.0,,,,,,,,,none
10294,＜貝類＞　かき　くん製油漬缶詰,0.0,294.0,,,,,,,,,none
10295,＜貝類＞　さざえ　生,0.0,83.0,,,,,,,,,none
10296,＜貝類＞　さざえ　焼き,0.0,91.0,,,,,,,,,none
10318,＜貝類＞　さるぼう　味付け缶詰,0.0,131.0,,,,,,,,,none
10297,＜貝類＞　しじみ　生,0.0,54.0,,,,,,,,,none
10413,＜貝類＞　しじみ　水煮,0.0,95.0,,,,,,,,,none
10298,＜貝類＞　たいらがい　貝柱　生,0.0,94.0,,,,,,,,,none
10299,＜貝類＞　たにし　生,0.0,73.0,,,,,,,,,none
10300,＜貝類＞　つぶ　生,0.0,82.0,,,,,,,,,none
10301,＜貝類＞　とこぶし　生,0.0,78.0,,,,,,,,,none
10303,＜貝類＞　とりがい　斧足　生,0.0,81.0,,,,,,,,,none
10304,＜貝類＞　ばい　生,0.0,81.0,,,,,,,,,none
10305,＜貝類＞　ばかがい　生,0.0,56.0,,,,,,,,,none
10306,＜貝類＞　（はまぐり類）　はまぐり　生,0.0,35.0,,,,,,,,,none
10307,＜貝類＞　（はまぐり類）　はまぐり　水煮,0.0,79.0,,,,,,,,,none
10308,＜貝類＞　（はまぐり類）　はまぐり　焼き,0.0,70.0,,,,,,,,,none
10309,＜貝類＞　（はまぐり類）　はまぐり　つくだ煮,0.0,211.0,,,,,,,,,none
10310,＜貝類＞　（はまぐり類）　ちょうせんはまぐり　生,0.0,41.0,,,,,,,,,none
10311,＜貝類＞　ほたてがい　生,0.0,66.0,,,,,,,,,none
10312,＜貝類＞　ほたてがい　水煮,0.0,89.0,,,,,,,,,none
10313,＜貝類＞　ほたてがい　貝柱　生,0.0,82.0,,,,,,,,,none
10414,＜貝類＞　ほたてがい　貝柱　焼き,0.0,123.0,,,,,,,,,none
10314,＜貝類＞　ほたてがい　貝柱　煮干し,0.0,301.0,,,,,,,,,none
10315,＜貝類＞　ほたてがい　貝柱　水煮缶詰,0.0,87.0,,,,,,,,,none
10316,＜貝類＞　ほっきがい　生,0.0,66.0,,,,,,,,,none
10317,＜貝類＞　みるがい　水管　生,0.0,77.0,,,,,,,,,none
10319,＜えび・かに類＞　（えび類）　あまえび　生,0.0,85.0,,,,,,,,,none
10467,＜えび・かに類＞　（えび類）　アルゼンチンあかえび　生,,73.0,,,,,,,,,none
10468,＜えび・かに類＞　（えび類）　アルゼンチンあかえび　ゆで,,95.0,,,,,,,,,none
10469,＜えび・かに類＞　（えび類）　アルゼンチンあかえび　焼き,,82.0,,,,,,,,,none
10320,＜えび・かに類＞　（えび類）　いせえび　生,0.0,86.0,,,,,,,,,none
10321,＜えび・かに類＞　（えび類）　くるまえび　養殖　生,0.0,90.0,,,,,,,,,none
10322,＜えび・かに類＞　（えび類）　くるまえび　養殖　ゆで,0.0,116.0,,,,,,,,,none
10323,＜えび・かに類＞　（えび類）　くるまえび　養殖　焼き,0.0,97.0,,,,,,,,,none
10431,＜えび・かに類＞　（えび類）　さくらえび　生,,78.0,,,,,,,,,none
10324,＜えび・かに類＞　（えび類）　さくらえび　ゆで,,82.0,,,,,,,,,none
10325,＜えび・かに類＞　（えび類）　さくらえび　素干し,,286.0,,,,,,,,,none
10326,＜えび・かに類＞　（えび類）　さくらえび　煮干し,,252.0,,,,,,,,,none
10327,＜えび・かに類＞　（えび類）　大正えび　生,0.0,89.0,,,,,,,,,none
10328,＜えび・かに類＞　（えび類）　しばえび　生,0.0,78.0,,,,,,,,,none
10415,＜えび・かに類＞　（えび類）　バナメイえび　養殖　生,0.0,82.0,,,,,,,,,none
10416,＜えび・かに類＞　（えび類）　バナメイえび　養殖　天ぷら,0.9,194.0,0.1,0.7,0.9,,,,,,prosky
10329,＜えび・かに類＞　（えび類）　ブラックタイガー　養殖　生,0.0,77.0,,,,,,,,,none
10330,＜えび・かに類＞　（えび類）　加工品　干しえび,,213.0,,,,,,,,,none
10331,＜えび・かに類＞　（えび類）　加工品　つくだ煮,,239.0,,,,,,,,,none
10332,＜えび・かに類＞　（かに類）　がざみ　生,0.0,61.0,,,,,,,,,none
10333,＜えび・かに類＞　（かに類）　毛がに　生,0.0,67.0,,,,,,,,,none
10334,＜えび・かに類＞　（かに類）　毛がに　ゆで,0.0,78.0,,,,,,,,,none
10335,＜えび・かに類＞　（かに類）　ずわいがに　生,0.0,59.0,,,,,,,,,none
10336,＜えび・かに類＞　（かに類）　ずわいがに　ゆで,0.0,65.0,,,,,,,,,none
10337,＜えび・かに類＞　（かに類）　ずわいがに　水煮缶詰,0.0,69.0,,,,,,,,,none
10338,＜えび・かに類＞　（かに類）　たらばがに　生,0.0,56.0,,,,,,,,,none
10339,＜えび・かに類＞　（かに類）　たらばがに　ゆで,0.0,77.0,,,,,,,,,none
10340,＜えび・かに類＞　（かに類）　たらばがに　水煮缶詰,0.0,85.0,,,,,,,,,none
10341,＜えび・かに類＞　（かに類）　加工品　がん漬,,58.0,,,,,,,,,none
10342,＜いか・たこ類＞　（いか類）　あかいか　生,0.0,81.0,,,,,,,,,none
10343,＜いか・たこ類＞　（いか類）　けんさきいか　生,0.0,77.0,,,,,,,,,none
10344,＜いか・たこ類＞　（いか類）　こういか　生,0.0,64.0,,,,,,,,,none
10345,＜いか・たこ類＞　（いか類）　するめいか　生,0.0,76.0,,,,,,,,,none
10346,＜いか・たこ類＞　（いか類）　するめいか　水煮,0.0,98.0,,,,,,,,,none
10347,＜いか・たこ類＞　（いか類）　するめいか　焼き,0.0,108.0,,,,,,,,,none
10417,＜いか・たこ類＞　（いか類）　するめいか　胴　皮つき　生,0.0,78.0,,,,,,,,,none
10418,＜いか・たこ類＞　（いか類）　するめいか　胴　皮なし　生,0.0,80.0,,,,,,,,,none
10419,＜いか・たこ類＞　（いか類）　するめいか　胴　皮なし　天ぷら,0.8,175.0,0.1,0.7,0.8,,,,,,prosky
10470,＜いか・たこ類＞　（いか類）　するめいか　胴　皮なし　フライ,,352.0,,,,,,,,,none
10420,＜いか・たこ類＞　（いか類）　するめいか　耳・足　生,0.0,75.0,,,,,,,,,none
10348,＜いか・たこ類＞　（いか類）　ほたるいか　生,0.0,74.0,,,,,,,,,none
10349,＜いか・たこ類＞　（いか類）　ほたるいか　ゆで,0.0,91.0,,,,,,,,,none
10350,＜いか・たこ類＞　（いか類）　ほたるいか　くん製,0.0,305.0,,,,,,,,,none
10351,＜いか・たこ類＞　（いか類）　ほたるいか　つくだ煮,0.0,245.0,,,,,,,,,none
10352,＜いか・たこ類＞　（いか類）　やりいか　生,0.0,79.0,,,,,,,,,none
10353,＜いか・たこ類＞　（いか類）　加工品　するめ,0.0,304.0,,,,,,,,,none
10354,＜いか・たこ類＞　（いか類）　加工品　さきいか,0.0,268.0,,,,,,,,,none
10355,＜いか・たこ類＞　（いか類）　加工品　くん製,0.0,202.0,,,,,,,,,none
10356,＜いか・たこ類＞　（いか類）　加工品　切りいかあめ煮,0.0,310.0,,,,,,,,,none
10357,＜いか・たこ類＞　（いか類）　加工品　いかあられ,0.0,289.0,,,,,,,,,none
10358,＜いか・たこ類＞　（いか類）　加工品　塩辛,0.0,114.0,,,,,,,,,none
10359,＜いか・たこ類＞　（いか類）　加工品　味付け缶詰,0.0,127.0,,,,,,,,,none
10360,＜いか・たこ類＞　（たこ類）　いいだこ　生,0.0,64.0,,,,,,,,,none
10361,＜いか・たこ類＞　（たこ類）　まだこ　皮つき　生,0.0,70.0,,,,,,,,,none
10471,＜いか・たこ類＞　（たこ類）　まだこ　皮なし　生,,88.0,,,,,,,,,none
10362,＜いか・たこ類＞　（たこ類）　まだこ　ゆで,0.0,91.0,,,,,,,,,none
10472,＜いか・たこ類＞　（たこ類）　まだこ　蒸しだこ,,75.0,,,,,,,,,none
10473,＜いか・たこ類＞　（たこ類）　まだこ　蒸しだこ　油いため,,112.0,,,,,,,,,none
10474,＜いか・たこ類＞　（たこ類）　まだこ　蒸しだこ　素揚げ,,131.0,,,,,,,,,none
10432,＜いか・たこ類＞　（たこ類）　みずだこ　生,0.0,61.0,,,,,,,,,none
10363,＜その他＞　あみ　つくだ煮,,230.0,,,,,,,,,none
10364,＜その他＞　あみ　塩辛,,62.0,,,,,,,,,none
10365,＜その他＞　うに　生うに,0.0,109.0,,,,,,,,,none
10366,＜その他＞　うに　粒うに,0.0,172.0,,,,,,,,,none
10367,＜その他＞　うに　練りうに,0.0,166.0,,,,,,,,,none
10368,＜その他＞　おきあみ　生,,84.0,,,,,,,,,none
10369,＜その他＞　おきあみ　ゆで,,78.0,,,,,,,,,none
10370,＜その他＞　くらげ　塩蔵　塩抜き,0.0,21.0,,,,,,,,,none
10371,＜その他＞　しゃこ　ゆで,0.0,89.0,,,,,,,,,none
10372,＜その他＞　なまこ　生,0.0,22.0,,,,,,,,,none
10373,＜その他＞　なまこ　このわた,0.0,54.0,,,,,,,,,none
10374,＜その他＞　ほや　生,0.0,27.0,,,,,,,,,none
10375,＜その他＞　ほや　塩辛,0.0,69.0,,,,,,,,,none
10376,＜水産練り製品＞　かに風味かまぼこ,0.0,89.0,,,,,,,,,none
10423,＜水産練り製品＞　黒はんぺん,0.9,119.0,0.0,0.9,0.9,,,,,,prosky
10377,＜水産練り製品＞　昆布巻きかまぼこ,,83.0,,,,,,,,,none
10378,＜水産練り製品＞　す巻きかまぼこ,0.0,89.0,,,,,,,,,none
10379,＜水産練り製品＞　蒸しかまぼこ,0.0,93.0,,,,,,,,,none
10380,＜水産練り製品＞　焼き抜きかまぼこ,0.0,102.0,,,,,,,,,none
10381,＜水産練り製品＞　焼き竹輪,0.0,107.0,,,,,,,,,none
10382,＜水産練り製品＞　だて巻,0.0,190.0,,,,,,,,,none
10383,＜水産練り製品＞　つみれ,0.0,104.0,,,,,,,,,none
10384,＜水産練り製品＞　なると,0.0,80.0,,,,,,,,,none
10385,＜水産練り製品＞　はんぺん,0.0,93.0,,,,,,,,,none
10386,＜水産練り製品＞　さつま揚げ,0.0,116.0,,,,,,,,,none
10387,＜水産練り製品＞　魚肉ハム,0.0,155.0,,,,,,,,,none
10388,＜水産練り製品＞　魚肉ソーセージ,0.0,158.0,,,,,,,,,none
11001,＜畜肉類＞　いのしし　肉　脂身つき　生,0.0,249.0,,,,,,,,,none
11002,＜畜肉類＞　いのぶた　肉　脂身つき　生,0.0,275.0,,,,,,,,,none
11003,＜畜肉類＞　うさぎ　肉　赤肉　生,0.0,131.0,,,,,,,,,none
11004,＜畜肉類＞　うし　［和牛肉］　かた　脂身つき　生,0.0,258.0,,,,,,,,,none
11005,＜畜肉類＞　うし　［和牛肉］　かた　皮下脂肪なし　生,0.0,239.0,,,,,,,,,none
11006,＜畜肉類＞　うし　［和牛肉］　かた　赤肉　生,0.0,183.0,,,,,,,,,none
11007,＜畜肉類＞　うし　［和牛肉］　かた　脂身　生,0.0,692.0,,,,,,,,,none
11008,＜畜肉類＞　うし　［和牛肉］　かたロース　脂身つき　生,0.0,380.0,,,,,,,,,none
11009,＜畜肉類＞　うし　［和牛肉］　かたロース　皮下脂肪なし　生,0.0,373.0,,,,,,,,,none
11010,＜畜肉類＞　うし　［和牛肉］　かたロース　赤肉　生,0.0,293.0,,,,,,,,,none
11011,＜畜肉類＞　うし　［和牛肉］　リブロース　脂身つき　生,0.0,514.0,,,,,,,,,none
11249,＜畜肉類＞　うし　［和牛肉］　リブロース　脂身つき　ゆで,0.0,539.0,,,,,,,,,none
11248,＜畜肉類＞　うし　［和牛肉］　リブロース　脂身つき　焼き,0.0,541.0,,,,,,,,,none
11012,＜畜肉類＞　うし　［和牛肉］　リブロース　皮下脂肪なし　生,0.0,502.0,,,,,,,,,none
11013,＜畜肉類＞　うし　［和牛肉］　リブロース　赤肉　生,0.0,395.0,,,,,,,,,none
11014,＜畜肉類＞　うし　［和牛肉］　リブロース　脂身　生,0.0,674.0,,,,,,,,,none
11015,＜畜肉類＞　うし　［和牛肉］　サーロイン　脂身つき　生,0.0,460.0,,,,,,,,,none
11016,＜畜肉類＞　うし　［和牛肉］　サーロイン　皮下脂肪なし　生,0.0,422.0,,,,,,,,,none
11017,＜畜肉類＞　うし　［和牛肉］　サーロイン　赤肉　生,0.0,294.0,,,,,,,,,none
11018,＜畜肉類＞　うし　［和牛肉］　ばら　脂身つき　生,0.0,472.0,,,,,,,,,none
11019,＜畜肉類＞　うし　［和牛肉］　もも　脂身つき　生,0.0,235.0,,,,,,,,,none
11020,＜畜肉類＞　うし　［和牛肉］　もも　皮下脂肪なし　生,0.0,212.0,,,,,,,,,none
11251,＜畜肉類＞　うし　［和牛肉］　もも　皮下脂肪なし　ゆで,0.0,302.0,,,,,,,,,none
11250,＜畜肉類＞　うし　［和牛肉］　もも　皮下脂肪なし　焼き,0.0,300.0,,,,,,,,,none
11021,＜畜肉類＞　うし　［和牛肉］　もも　赤肉　生,0.0,176.0,,,,,,,,,none
11022,＜畜肉類＞　うし　［和牛肉］　もも　脂身　生,0.0,664.0,,,,,,,,,none
11023,＜畜肉類＞　うし　［和牛肉］　そともも　脂身つき　生,0.0,244.0,,,,,,,,,none
11024,＜畜肉類＞　うし　［和牛肉］　そともも　皮下脂肪なし　生,0.0,219.0,,,,,,,,,none
11025,＜畜肉類＞　うし　［和牛肉］　そともも　赤肉　生,0.0,159.0,,,,,,,,,none
11026,＜畜肉類＞　うし　［和牛肉］　ランプ　脂身つき　生,0.0,319.0,,,,,,,,,none
11027,＜畜肉類＞　うし　［和牛肉］　ランプ　皮下脂肪なし　生,0.0,293.0,,,,,,,,,none
11028,＜畜肉類＞　うし　［和牛肉］　ランプ　赤肉　生,0.0,196.0,,,,,,,,,none
11029,＜畜肉類＞　うし　［和牛肉］　ヒレ　赤肉　生,0.0,207.0,,,,,,,,,none
11030,＜畜肉類＞　うし　［乳用肥育牛肉］　かた　脂身つき　生,0.0,231.0,,,,,,,,,none
11309,＜畜肉類＞　うし　［乳用肥育牛肉］　かた　脂身つき　ゆで,0.0,298.0,,,,,,,,,none
11310,＜畜肉類＞　うし　［乳用肥育牛肉］　かた　脂身つき　焼き,0.0,322.0,,,,,,,,,none
11031,＜畜肉類＞　うし　［乳用肥育牛肉］　かた　皮下脂肪なし　生,0.0,193.0,,,,,,,,,none
11032,＜畜肉類＞　うし　［乳用肥育牛肉］　かた　赤肉　生,0.0,138.0,,,,,,,,,none
11301,＜畜肉類＞　うし　［乳用肥育牛肉］　かた　赤肉　ゆで,0.0,174.0,,,,,,,,,none
11302,＜畜肉類＞　うし　［乳用肥育牛肉］　かた　赤肉　焼き,0.0,175.0,,,,,,,,,none
11033,＜畜肉類＞　うし　［乳用肥育牛肉］　かた　脂身　生,0.0,650.0,,,,,,,,,none
11034,＜畜肉類＞　うし　［乳用肥育牛肉］　かたロース　脂身つき　生,0.0,295.0,,,,,,,,,none
11035,＜畜肉類＞　うし　［乳用肥育牛肉］　かたロース　皮下脂肪なし　生,0.0,285.0,,,,,,,,,none
11036,＜畜肉類＞　うし　［乳用肥育牛肉］　かたロース　赤肉　生,0.0,196.0,,,,,,,,,none
11037,＜畜肉類＞　うし　［乳用肥育牛肉］　リブロース　脂身つき　生,0.0,380.0,,,,,,,,,none
11039,＜畜肉類＞　うし　［乳用肥育牛肉］　リブロース　脂身つき　ゆで,0.0,428.0,,,,,,,,,none
11038,＜畜肉類＞　うし　［乳用肥育牛肉］　リブロース　脂身つき　焼き,0.0,457.0,,,,,,,,,none
11040,＜畜肉類＞　うし　［乳用肥育牛肉］　リブロース　皮下脂肪なし　生,0.0,351.0,,,,,,,,,none
11041,＜畜肉類＞　うし　［乳用肥育牛肉］　リブロース　赤肉　生,0.0,230.0,,,,,,,,,none
11042,＜畜肉類＞　うし　［乳用肥育牛肉］　リブロース　脂身　生,0.0,703.0,,,,,,,,,none
11043,＜畜肉類＞　うし　［乳用肥育牛肉］　サーロイン　脂身つき　生,0.0,313.0,,,,,,,,,none
11044,＜畜肉類＞　うし　［乳用肥育牛肉］　サーロイン　皮下脂肪なし　生,0.0,253.0,,,,,,,,,none
11045,＜畜肉類＞　うし　［乳用肥育牛肉］　サーロイン　赤肉　生,0.0,167.0,,,,,,,,,none
11046,＜畜肉類＞　うし　［乳用肥育牛肉］　ばら　脂身つき　生,0.0,381.0,,,,,,,,,none
11252,＜畜肉類＞　うし　［乳用肥育牛肉］　ばら　脂身つき　焼き,0.0,451.0,,,,,,,,,none
11047,＜畜肉類＞　うし　［乳用肥育牛肉］　もも　脂身つき　生,0.0,196.0,,,,,,,,,none
11048,＜畜肉類＞　うし　［乳用肥育牛肉］　もも　皮下脂肪なし　生,0.0,169.0,,,,,,,,,none
11050,＜畜肉類＞　うし　［乳用肥育牛肉］　もも　皮下脂肪なし　ゆで,0.0,235.0,,,,,,,,,none
11049,＜畜肉類＞　うし　［乳用肥育牛肉］　もも　皮下脂肪なし　焼き,0.0,227.0,,,,,,,,,none
11051,＜畜肉類＞　うし　［乳用肥育牛肉］　もも　赤肉　生,0.0,130.0,,,,,,,,,none
11052,＜畜肉類＞　うし　［乳用肥育牛肉］　もも　脂身　生,0.0,594.0,,,,,,,,,none
11053,＜畜肉類＞　うし　［乳用肥育牛肉］　そともも　脂身つき　生,0.0,220.0,,,,,,,,,none
11054,＜畜肉類＞　うし　［乳用肥育牛肉］　そともも　皮下脂肪なし　生,0.0,179.0,,,,,,,,,none
11055,＜畜肉類＞　うし　［乳用肥育牛肉］　そともも　赤肉　生,0.0,131.0,,,,,,,,,none
11056,＜畜肉類＞　うし　［乳用肥育牛肉］　ランプ　脂身つき　生,0.0,234.0,,,,,,,,,none
11057,＜畜肉類＞　うし　［乳用肥育牛肉］　ランプ　皮下脂肪なし　生,0.0,203.0,,,,,,,,,none
11058,＜畜肉類＞　うし　［乳用肥育牛肉］　ランプ　赤肉　生,0.0,142.0,,,,,,,,,none
11059,＜畜肉類＞　うし　［乳用肥育牛肉］　ヒレ　赤肉　生,0.0,177.0,,,,,,,,,none
11253,＜畜肉類＞　うし　［乳用肥育牛肉］　ヒレ　赤肉　焼き,0.0,238.0,,,,,,,,,none
11254,＜畜肉類＞　うし　［交雑牛肉］　リブロース　脂身つき　生,0.0,489.0,,,,,,,,,none
11256,＜畜肉類＞　うし　［交雑牛肉］　リブロース　脂身つき　ゆで,0.0,540.0,,,,,,,,,none
11255,＜畜肉類＞　うし　［交雑牛肉］　リブロース　脂身つき　焼き,0.0,575.0,,,,,,,,,none
11257,＜畜肉類＞　うし　［交雑牛肉］　リブロース　皮下脂肪なし　生,0.0,438.0,,,,,,,,,none
11258,＜畜肉類＞　うし　［交雑牛肉］　リブロース　赤肉　生,0.0,338.0,,,,,,,,,none
11259,＜畜肉類＞　うし　［交雑牛肉］　リブロース　脂身　生,0.0,759.0,,,,,,,,,none
11260,＜畜肉類＞　うし　［交雑牛肉］　ばら　脂身つき　生,0.0,445.0,,,,,,,,,none
11261,＜畜肉類＞　うし　［交雑牛肉］　もも　脂身つき　生,0.0,312.0,,,,,,,,,none
11262,＜畜肉類＞　うし　［交雑牛肉］　もも　皮下脂肪なし　生,0.0,250.0,,,,,,,,,none
11264,＜畜肉類＞　うし　［交雑牛肉］　もも　皮下脂肪なし　ゆで,0.0,331.0,,,,,,,,,none
11263,＜畜肉類＞　うし　［交雑牛肉］　もも　皮下脂肪なし　焼き,0.0,313.0,,,,,,,,,none
11265,＜畜肉類＞　うし　［交雑牛肉］　もも　赤肉　生,0.0,222.0,,,,,,,,,none
11266,＜畜肉類＞　うし　［交雑牛肉］　もも　脂身　生,0.0,682.0,,,,,,,,,none
11267,＜畜肉類＞　うし　［交雑牛肉］　ヒレ　赤肉　生,0.0,229.0,,,,,,,,,none
11060,＜畜肉類＞　うし　［輸入牛肉］　かた　脂身つき　生,0.0,160.0,,,,,,,,,none
11061,＜畜肉類＞　うし　［輸入牛肉］　かた　皮下脂肪なし　生,0.0,138.0,,,,,,,,,none
11062,＜畜肉類＞　うし　［輸入牛肉］　かた　赤肉　生,0.0,114.0,,,,,,,,,none
11063,＜畜肉類＞　うし　［輸入牛肉］　かた　脂身　生,0.0,537.0,,,,,,,,,none
11064,＜畜肉類＞　うし　［輸入牛肉］　かたロース　脂身つき　生,0.0,221.0,,,,,,,,,none
11065,＜畜肉類＞　うし　［輸入牛肉］　かたロース　皮下脂肪なし　生,0.0,219.0,,,,,,,,,none
11066,＜畜肉類＞　うし　［輸入牛肉］　かたロース　赤肉　生,0.0,160.0,,,,,,,,,none
11067,＜畜肉類＞　うし　［輸入牛肉］　リブロース　脂身つき　生,0.0,212.0,,,,,,,,,none
11269,＜畜肉類＞　うし　［輸入牛肉］　リブロース　脂身つき　ゆで,0.0,307.0,,,,,,,,,none
11268,＜畜肉類＞　うし　［輸入牛肉］　リブロース　脂身つき　焼き,0.0,306.0,,,,,,,,,none
11068,＜畜肉類＞　うし　［輸入牛肉］　リブロース　皮下脂肪なし　生,0.0,203.0,,,,,,,,,none
11069,＜畜肉類＞　うし　［輸入牛肉］　リブロース　赤肉　生,0.0,163.0,,,,,,,,,none
11070,＜畜肉類＞　うし　［輸入牛肉］　リブロース　脂身　生,0.0,653.0,,,,,,,,,none
11071,＜畜肉類＞　うし　［輸入牛肉］　サーロイン　脂身つき　生,0.0,273.0,,,,,,,,,none
11072,＜畜肉類＞　うし　［輸入牛肉］　サーロイン　皮下脂肪なし　生,0.0,218.0,,,,,,,,,none
11073,＜畜肉類＞　うし　［輸入牛肉］　サーロイン　赤肉　生,0.0,127.0,,,,,,,,,none
11074,＜畜肉類＞　うし　［輸入牛肉］　ばら　脂身つき　生,0.0,338.0,,,,,,,,,none
11075,＜畜肉類＞　うし　［輸入牛肉］　もも　脂身つき　生,0.0,148.0,,,,,,,,,none
11076,＜畜肉類＞　うし　［輸入牛肉］　もも　皮下脂肪なし　生,0.0,133.0,,,,,,,,,none
11271,＜畜肉類＞　うし　［輸入牛肉］　もも　皮下脂肪なし　ゆで,0.0,204.0,,,,,,,,,none
11270,＜畜肉類＞　うし　［輸入牛肉］　もも　皮下脂肪なし　焼き,0.0,205.0,,,,,,,,,none
11077,＜畜肉類＞　うし　［輸入牛肉］　もも　赤肉　生,0.0,117.0,,,,,,,,,none
11078,＜畜肉類＞　うし　［輸入牛肉］　もも　脂身　生,0.0,580.0,,,,,,,,,none
11079,＜畜肉類＞　うし　［輸入牛肉］　そともも　脂身つき　生,0.0,197.0,,,,,,,,,none
11080,＜畜肉類＞　うし　［輸入牛肉］　そともも　皮下脂肪なし　生,0.0,178.0,,,,,,,,,none
11081,＜畜肉類＞　うし　［輸入牛肉］　そともも　赤肉　生,0.0,117.0,,,,,,,,,none
11082,＜畜肉類＞　うし　［輸入牛肉］　ランプ　脂身つき　生,0.0,214.0,,,,,,,,,none
11083,＜畜肉類＞　うし　［輸入牛肉］　ランプ　皮下脂肪なし　生,0.0,174.0,,,,,,,,,none
11084,＜畜肉類＞　うし　［輸入牛肉］　ランプ　赤肉　生,0.0,112.0,,,,,,,,,none
11085,＜畜肉類＞　うし　［輸入牛肉］　ヒレ　赤肉　生,0.0,123.0,,,,,,,,,none
11086,＜畜肉類＞　うし　［子牛肉］　リブロース　皮下脂肪なし　生,0.0,94.0,,,,,,,,,none
11087,＜畜肉類＞　うし　［子牛肉］　ばら　皮下脂肪なし　生,0.0,113.0,,,,,,,,,none
11088,＜畜肉類＞　うし　［子牛肉］　もも　皮下脂肪なし　生,0.0,107.0,,,,,,,,,none
11089,＜畜肉類＞　うし　［ひき肉］　生,0.0,251.0,,,,,,,,,none
11272,＜畜肉類＞　うし　［ひき肉］　焼き,0.0,280.0,,,,,,,,,none
11090,＜畜肉類＞　うし　［副生物］　舌　生,0.0,318.0,,,,,,,,,none
11273,＜畜肉類＞　うし　［副生物］　舌　焼き,0.0,401.0,,,,,,,,,none
11091,＜畜肉類＞　うし　［副生物］　心臓　生,0.0,128.0,,,,,,,,,none
11092,＜畜肉類＞　うし　［副生物］　肝臓　生,0.0,119.0,,,,,,,,,none
11093,＜畜肉類＞　うし　［副生物］　じん臓　生,0.0,118.0,,,,,,,,,none
11094,＜畜肉類＞　うし　［副生物］　第一胃　ゆで,0.0,166.0,,,,,,,,,none
11095,＜畜肉類＞　うし　［副生物］　第二胃　ゆで,0.0,186.0,,,,,,,,,none
11096,＜畜肉類＞　うし　［副生物］　第三胃　生,0.0,57.0,,,,,,,,,none
11097,＜畜肉類＞　うし　［副生物］　第四胃　ゆで,0.0,308.0,,,,,,,,,none
11098,＜畜肉類＞　うし　［副生物］　小腸　生,0.0,268.0,,,,,,,,,none
11099,＜畜肉類＞　うし　［副生物］　大腸　生,0.0,150.0,,,,,,,,,none
11100,＜畜肉類＞　うし　［副生物］　直腸　生,0.0,106.0,,,,,,,,,none
11101,＜畜肉類＞　うし　［副生物］　腱　ゆで,0.0,157.0,,,,,,,,,none
11102,＜畜肉類＞　うし　［副生物］　子宮　ゆで,0.0,95.0,,,,,,,,,none
11103,＜畜肉類＞　うし　［副生物］　尾　生,0.0,440.0,,,,,,,,,none
11274,＜畜肉類＞　うし　［副生物］　横隔膜　生,0.0,288.0,,,,,,,,,none
11296,＜畜肉類＞　うし　［副生物］　横隔膜　ゆで,0.0,414.0,,,,,,,,,none
11297,＜畜肉類＞　うし　［副生物］　横隔膜　焼き,0.0,401.0,,,,,,,,,none
11104,＜畜肉類＞　うし　［加工品］　ローストビーフ,0.0,190.0,,,,,,,,,none
11105,＜畜肉類＞　うし　［加工品］　コンビーフ缶詰,0.0,191.0,,,,,,,,,none
11106,＜畜肉類＞　うし　［加工品］　味付け缶詰,0.0,156.0,,,,,,,,,none
11107,＜畜肉類＞　うし　［加工品］　ビーフジャーキー,0.0,304.0,,,,,,,,,none
11108,＜畜肉類＞　うし　［加工品］　スモークタン,0.0,273.0,,,,,,,,,none
11109,＜畜肉類＞　うま　肉　赤肉　生,0.0,102.0,,,,,,,,,none
11110,＜畜肉類＞　くじら　肉　赤肉　生,0.0,100.0,,,,,,,,,none
11111,＜畜肉類＞　くじら　うねす　生,0.0,328.0,,,,,,,,,none
11112,＜畜肉類＞　くじら　本皮　生,0.0,577.0,,,,,,,,,none
11113,＜畜肉類＞　くじら　さらしくじら,0.0,28.0,,,,,,,,,none
11114,＜畜肉類＞　しか　あかしか　赤肉　生,0.0,102.0,,,,,,,,,none
11275,＜畜肉類＞　しか　にほんじか　赤肉　生,0.0,119.0,,,,,,,,,none
11294,＜畜肉類＞　しか　にほんじか　えぞしか　赤肉　生,0.0,126.0,,,,,,,,,none
11295,＜畜肉類＞　しか　にほんじか　きゅうしゅうじか　赤肉　生,0.0,107.0,,,,,,,,,none
11311,＜畜肉類＞　しか　にほんじか　ほんしゅうじか　赤肉　生,,90.0,,,,,,,,,none
11115,＜畜肉類＞　ぶた　［大型種肉］　かた　脂身つき　生,0.0,201.0,,,,,,,,,none
11116,＜畜肉類＞　ぶた　［大型種肉］　かた　皮下脂肪なし　生,0.0,158.0,,,,,,,,,none
11117,＜畜肉類＞　ぶた　［大型種肉］　かた　赤肉　生,0.0,114.0,,,,,,,,,none
11118,＜畜肉類＞　ぶた　［大型種肉］　かた　脂身　生,0.0,663.0,,,,,,,,,none
11119,＜畜肉類＞　ぶた　［大型種肉］　かたロース　脂身つき　生,0.0,237.0,,,,,,,,,none
11120,＜畜肉類＞　ぶた　［大型種肉］　かたロース　皮下脂肪なし　生,0.0,212.0,,,,,,,,,none
11121,＜畜肉類＞　ぶた　［大型種肉］　かたロース　赤肉　生,0.0,146.0,,,,,,,,,none
11122,＜畜肉類＞　ぶた　［大型種肉］　かたロース　脂身　生,0.0,644.0,,,,,,,,,none
11123,＜畜肉類＞　ぶた　［大型種肉］　ロース　脂身つき　生,0.0,248.0,,,,,,,,,none
11125,＜畜肉類＞　ぶた　［大型種肉］　ロース　脂身つき　ゆで,0.0,299.0,,,,,,,,,none
11124,＜畜肉類＞　ぶた　［大型種肉］　ロース　脂身つき　焼き,0.0,310.0,,,,,,,,,none
11276,＜畜肉類＞　ぶた　［大型種肉］　ロース　脂身つき　とんかつ,0.7,429.0,0.1,0.6,0.7,,,,,,prosky
11126,＜畜肉類＞　ぶた　［大型種肉］　ロース　皮下脂肪なし　生,0.0,190.0,,,,,,,,,none
11127,＜畜肉類＞　ぶた　［大型種肉］　ロース　赤肉　生,0.0,140.0,,,,,,,,,none
11128,＜畜肉類＞　ぶた　［大型種肉］　ロース　脂身　生,0.0,695.0,,,,,,,,,none
11129,＜畜肉類＞　ぶた　［大型種肉］　ばら　脂身つき　生,0.0,366.0,,,,,,,,,none
11277,＜畜肉類＞　ぶた　［大型種肉］　ばら　脂身つき　焼き,0.0,444.0,,,,,,,,,none
11130,＜畜肉類＞　ぶた　［大型種肉］　もも　脂身つき　生,0.0,171.0,,,,,,,,,none
11131,＜畜肉類＞　ぶた　［大型種肉］　もも　皮下脂肪なし　生,0.0,138.0,,,,,,,,,none
11133,＜畜肉類＞　ぶた　［大型種肉］　もも　皮下脂肪なし　ゆで,0.0,185.0,,,,,,,,,none
11132,＜畜肉類＞　ぶた　［大型種肉］　もも　皮下脂肪なし　焼き,0.0,186.0,,,,,,,,,none
11134,＜畜肉類＞　ぶた　［大型種肉］　もも　赤肉　生,0.0,119.0,,,,,,,,,none
11135,＜畜肉類＞　ぶた　［大型種肉］　もも　脂身　生,0.0,611.0,,,,,,,,,none
11136,＜畜肉類＞　ぶた　［大型種肉］　そともも　脂身つき　生,0.0,221.0,,,,,,,,,none
11137,＜畜肉類＞　ぶた　［大型種肉］　そともも　皮下脂肪なし　生,0.0,175.0,,,,,,,,,none
11138,＜畜肉類＞　ぶた　［大型種肉］　そともも　赤肉　生,0.0,133.0,,,,,,,,,none
11139,＜畜肉類＞　ぶた　［大型種肉］　そともも　脂身　生,0.0,631.0,,,,,,,,,none
11140,＜畜肉類＞　ぶた　［大型種肉］　ヒレ　赤肉　生,0.0,118.0,,,,,,,,,none
11278,＜畜肉類＞　ぶた　［大型種肉］　ヒレ　赤肉　焼き,0.0,202.0,,,,,,,,,none
11279,＜畜肉類＞　ぶた　［大型種肉］　ヒレ　赤肉　とんかつ,0.9,379.0,0.2,0.7,0.9,,,,,,prosky
11141,＜畜肉類＞　ぶた　［中型種肉］　かた　脂身つき　生,0.0,224.0,,,,,,,,,none
11142,＜畜肉類＞　ぶた　［中型種肉］　かた　皮下脂肪なし　生,0.0,172.0,,,,,,,,,none
11143,＜畜肉類＞　ぶた　［中型種肉］　かた　赤肉　生,0.0,113.0,,,,,,,,,none
11144,＜畜肉類＞　ぶた　［中型種肉］　かた　脂身　生,0.0,698.0,,,,,,,,,none
11145,＜畜肉類＞　ぶた　［中型種肉］　かたロース　脂身つき　生,0.0,241.0,,,,,,,,,none
11146,＜畜肉類＞　ぶた　［中型種肉］　かたロース　皮下脂肪なし　生,0.0,212.0,,,,,,,,,none
11147,＜畜肉類＞　ぶた　［中型種肉］　かたロース　赤肉　生,0.0,140.0,,,,,,,,,none
11148,＜畜肉類＞　ぶた　［中型種肉］　かたロース　脂身　生,0.0,663.0,,,,,,,,,none
11149,＜畜肉類＞　ぶた　［中型種肉］　ロース　脂身つき　生,0.0,275.0,,,,,,,,,none
11150,＜畜肉類＞　ぶた　［中型種肉］　ロース　皮下脂肪なし　生,0.0,203.0,,,,,,,,,none
11151,＜畜肉類＞　ぶた　［中型種肉］　ロース　赤肉　生,0.0,131.0,,,,,,,,,none
11152,＜畜肉類＞　ぶた　［中型種肉］　ロース　脂身　生,0.0,716.0,,,,,,,,,none
11153,＜畜肉類＞　ぶた　［中型種肉］　ばら　脂身つき　生,0.0,398.0,,,,,,,,,none
11154,＜畜肉類＞　ぶた　［中型種肉］　もも　脂身つき　生,0.0,211.0,,,,,,,,,none
11155,＜畜肉類＞　ぶた　［中型種肉］　もも　皮下脂肪なし　生,0.0,153.0,,,,,,,,,none
11156,＜畜肉類＞　ぶた　［中型種肉］　もも　赤肉　生,0.0,133.0,,,,,,,,,none
11157,＜畜肉類＞　ぶた　［中型種肉］　もも　脂身　生,0.0,672.0,,,,,,,,,none
11158,＜畜肉類＞　ぶた　［中型種肉］　そともも　脂身つき　生,0.0,252.0,,,,,,,,,none
11159,＜畜肉類＞　ぶた　［中型種肉］　そともも　皮下脂肪なし　生,0.0,159.0,,,,,,,,,none
11160,＜畜肉類＞　ぶた　［中型種肉］　そともも　赤肉　生,0.0,129.0,,,,,,,,,none
11161,＜畜肉類＞　ぶた　［中型種肉］　そともも　脂身　生,0.0,660.0,,,,,,,,,none
11162,＜畜肉類＞　ぶた　［中型種肉］　ヒレ　赤肉　生,0.0,105.0,,,,,,,,,none
11163,＜畜肉類＞　ぶた　［ひき肉］　生,0.0,209.0,,,,,,,,,none
11280,＜畜肉類＞　ぶた　［ひき肉］　焼き,0.0,289.0,,,,,,,,,none
11312,＜畜肉類＞　ぶた　［副生物］　頭部　ジョウルミート　生,,256.0,,,,,,,,,none
11313,＜畜肉類＞　ぶた　［副生物］　頭部　ジョウルミート　焼き,,351.0,,,,,,,,,none
11164,＜畜肉類＞　ぶた　［副生物］　舌　生,0.0,205.0,,,,,,,,,none
11165,＜畜肉類＞　ぶた　［副生物］　心臓　生,0.0,118.0,,,,,,,,,none
11166,＜畜肉類＞　ぶた　［副生物］　肝臓　生,0.0,114.0,,,,,,,,,none
11167,＜畜肉類＞　ぶた　［副生物］　じん臓　生,0.0,96.0,,,,,,,,,none
11168,＜畜肉類＞　ぶた　［副生物］　胃　ゆで,0.0,111.0,,,,,,,,,none
11169,＜畜肉類＞　ぶた　［副生物］　小腸　ゆで,0.0,159.0,,,,,,,,,none
11170,＜畜肉類＞　ぶた　［副生物］　大腸　ゆで,0.0,166.0,,,,,,,,,none
11171,＜畜肉類＞　ぶた　［副生物］　子宮　生,0.0,64.0,,,,,,,,,none
11172,＜畜肉類＞　ぶた　［副生物］　豚足　ゆで,0.0,227.0,,,,,,,,,none
11173,＜畜肉類＞　ぶた　［副生物］　軟骨　ゆで,0.0,229.0,,,,,,,,,none
11174,＜畜肉類＞　ぶた　［ハム類］　骨付きハム,0.0,208.0,,,,,,,,,none
11175,＜畜肉類＞　ぶた　［ハム類］　ボンレスハム,0.0,115.0,,,,,,,,,none
11176,＜畜肉類＞　ぶた　［ハム類］　ロースハム　ロースハム,0.0,211.0,,,,,,,,,none
11303,＜畜肉類＞　ぶた　［ハム類］　ロースハム　ゆで,0.0,233.0,,,,,,,,,none
11304,＜畜肉類＞　ぶた　［ハム類］　ロースハム　焼き,0.0,240.0,,,,,,,,,none
11305,＜畜肉類＞　ぶた　［ハム類］　ロースハム　フライ,0.0,432.0,,,,,,,,,none
11177,＜畜肉類＞　ぶた　［ハム類］　ショルダーハム,0.0,221.0,,,,,,,,,none
11181,＜畜肉類＞　ぶた　［ハム類］　生ハム　促成,0.0,243.0,,,,,,,,,none
11182,＜畜肉類＞　ぶた　［ハム類］　生ハム　長期熟成,0.0,253.0,,,,,,,,,none
11178,＜畜肉類＞　ぶた　［プレスハム類］　プレスハム,0.0,113.0,,,,,,,,,none
11180,＜畜肉類＞　ぶた　［プレスハム類］　チョップドハム,0.0,132.0,,,,,,,,,none
11183,＜畜肉類＞　ぶた　［ベーコン類］　ばらベーコン　ばらベーコン,0.0,241.0,,,,,,,,,none
11314,＜畜肉類＞　ぶた　［ベーコン類］　ばらベーコン　ゆで,,238.0,,,,,,,,,none
11315,＜畜肉類＞　ぶた　［ベーコン類］　ばらベーコン　焼き,,283.0,,,,,,,,,none
11316,＜畜肉類＞　ぶた　［ベーコン類］　ばらベーコン　油いため,,254.0,,,,,,,,,none
11184,＜畜肉類＞　ぶた　［ベーコン類］　ロースベーコン,0.0,202.0,,,,,,,,,none
11185,＜畜肉類＞　ぶた　［ベーコン類］　ショルダーベーコン,0.0,178.0,,,,,,,,,none
11186,＜畜肉類＞　ぶた　［ソーセージ類］　ウインナーソーセージ　ウインナーソーセージ,0.0,319.0,,,,,,,,,none
11306,＜畜肉類＞　ぶた　［ソーセージ類］　ウインナーソーセージ　ゆで,0.0,328.0,,,,,,,,,none
11307,＜畜肉類＞　ぶた　［ソーセージ類］　ウインナーソーセージ　焼き,0.0,345.0,,,,,,,,,none
11308,＜畜肉類＞　ぶた　［ソーセージ類］　ウインナーソーセージ　フライ,,376.0,,,,,,,,,none
11187,＜畜肉類＞　ぶた　［ソーセージ類］　セミドライソーセージ,0.0,335.0,,,,,,,,,none
11188,＜畜肉類＞　ぶた　［ソーセージ類］　ドライソーセージ,0.0,467.0,,,,,,,,,none
11189,＜畜肉類＞　ぶた　［ソーセージ類］　フランクフルトソーセージ,0.0,295.0,,,,,,,,,none
11190,＜畜肉類＞　ぶた　［ソーセージ類］　ボロニアソーセージ,0.0,242.0,,,,,,,,,none
11191,＜畜肉類＞　ぶた　［ソーセージ類］　リオナソーセージ,0.0,188.0,,,,,,,,,none
11192,＜畜肉類＞　ぶた　［ソーセージ類］　レバーソーセージ,0.0,324.0,,,,,,,,,none
11193,＜畜肉類＞　ぶた　［ソーセージ類］　混合ソーセージ,0.0,231.0,,,,,,,,,none
11194,＜畜肉類＞　ぶた　［ソーセージ類］　生ソーセージ,0.0,269.0,,,,,,,,,none
11317,＜畜肉類＞　ぶた　［ソーセージ類］　ランチョンミート,,279.0,,,,,,,,,none
11195,＜畜肉類＞　ぶた　［その他］　焼き豚,0.0,166.0,,,,,,,,,none
11196,＜畜肉類＞　ぶた　［その他］　レバーペースト,0.0,370.0,,,,,,,,,none
11197,＜畜肉類＞　ぶた　［その他］　スモークレバー,0.0,182.0,,,,,,,,,none
11198,＜畜肉類＞　ぶた　［その他］　ゼラチン,0.0,347.0,,,,,,,,,none
11199,＜畜肉類＞　めんよう　［マトン］　ロース　脂身つき　生,0.0,192.0,,,,,,,,,none
11281,＜畜肉類＞　めんよう　［マトン］　ロース　脂身つき　焼き,0.0,305.0,,,,,,,,,none
11245,＜畜肉類＞　めんよう　［マトン］　ロース　皮下脂肪なし　生,0.0,139.0,,,,,,,,,none
11200,＜畜肉類＞　めんよう　［マトン］　もも　脂身つき　生,0.0,205.0,,,,,,,,,none
11201,＜畜肉類＞　めんよう　［ラム］　かた　脂身つき　生,0.0,214.0,,,,,,,,,none
11202,＜畜肉類＞　めんよう　［ラム］　ロース　脂身つき　生,0.0,287.0,,,,,,,,,none
11282,＜畜肉類＞　めんよう　［ラム］　ロース　脂身つき　焼き,0.0,358.0,,,,,,,,,none
11246,＜畜肉類＞　めんよう　［ラム］　ロース　皮下脂肪なし　生,0.0,128.0,,,,,,,,,none
11203,＜畜肉類＞　めんよう　［ラム］　もも　脂身つき　生,0.0,164.0,,,,,,,,,none
11283,＜畜肉類＞　めんよう　［ラム］　もも　脂身つき　焼き,0.0,267.0,,,,,,,,,none
11179,＜畜肉類＞　めんよう　混合プレスハム,0.0,100.0,,,,,,,,,none
11204,＜畜肉類＞　やぎ　肉　赤肉　生,0.0,99.0,,,,,,,,,none
11207,＜鳥肉類＞　うずら　肉　皮つき　生,0.0,194.0,,,,,,,,,none
11239,＜鳥肉類＞　がちょう　フォアグラ　ゆで,0.0,470.0,,,,,,,,,none
11208,＜鳥肉類＞　かも　まがも　肉　皮なし　生,0.0,118.0,,,,,,,,,none
11205,＜鳥肉類＞　かも　あいがも　肉　皮つき　生,0.0,304.0,,,,,,,,,none
11206,＜鳥肉類＞　かも　あひる　肉　皮つき　生,0.0,237.0,,,,,,,,,none
11247,＜鳥肉類＞　かも　あひる　肉　皮なし　生,0.0,94.0,,,,,,,,,none
11284,＜鳥肉類＞　かも　あひる　皮　生,0.0,448.0,,,,,,,,,none
11209,＜鳥肉類＞　きじ　肉　皮なし　生,0.0,101.0,,,,,,,,,none
11210,＜鳥肉類＞　しちめんちょう　肉　皮なし　生,0.0,99.0,,,,,,,,,none
11211,＜鳥肉類＞　すずめ　肉　骨・皮つき　生,0.0,114.0,,,,,,,,,none
11212,＜鳥肉類＞　にわとり　［親・主品目］　手羽　皮つき　生,0.0,182.0,,,,,,,,,none
11213,＜鳥肉類＞　にわとり　［親・主品目］　むね　皮つき　生,0.0,229.0,,,,,,,,,none
11214,＜鳥肉類＞　にわとり　［親・主品目］　むね　皮なし　生,0.0,113.0,,,,,,,,,none
11215,＜鳥肉類＞　にわとり　［親・主品目］　もも　皮つき　生,0.0,234.0,,,,,,,,,none
11216,＜鳥肉類＞　にわとり　［親・主品目］　もも　皮なし　生,0.0,128.0,,,,,,,,,none
11217,＜鳥肉類＞　にわとり　［親・副品目］　ささみ　生,0.0,107.0,,,,,,,,,none
11218,＜鳥肉類＞　にわとり　［若どり・主品目］　手羽　皮つき　生,0.0,189.0,,,,,,,,,none
11285,＜鳥肉類＞　にわとり　［若どり・主品目］　手羽さき　皮つき　生,0.0,207.0,,,,,,,,,none
11286,＜鳥肉類＞　にわとり　［若どり・主品目］　手羽もと　皮つき　生,0.0,175.0,,,,,,,,,none
11219,＜鳥肉類＞　にわとり　［若どり・主品目］　むね　皮つき　生,0.0,133.0,,,,,,,,,none
11287,＜鳥肉類＞　にわとり　［若どり・主品目］　むね　皮つき　焼き,0.0,215.0,,,,,,,,,none
11220,＜鳥肉類＞　にわとり　［若どり・主品目］　むね　皮なし　生,0.0,105.0,,,,,,,,,none
11288,＜鳥肉類＞　にわとり　［若どり・主品目］　むね　皮なし　焼き,0.0,177.0,,,,,,,,,none
11221,＜鳥肉類＞　にわとり　［若どり・主品目］　もも　皮つき　生,0.0,190.0,,,,,,,,,none
11223,＜鳥肉類＞　にわとり　［若どり・主品目］　もも　皮つき　ゆで,0.0,216.0,,,,,,,,,none
11222,＜鳥肉類＞　にわとり　［若どり・主品目］　もも　皮つき　焼き,0.0,220.0,,,,,,,,,none
11289,＜鳥肉類＞　にわとり　［若どり・主品目］　もも　皮つき　から揚げ,0.8,307.0,0.2,0.6,0.8,,,,,,prosky
11224,＜鳥肉類＞　にわとり　［若どり・主品目］　もも　皮なし　生,0.0,113.0,,,,,,,,,none
11226,＜鳥肉類＞　にわとり　［若どり・主品目］　もも　皮なし　ゆで,0.0,141.0,,,,,,,,,none
11225,＜鳥肉類＞　にわとり　［若どり・主品目］　もも　皮なし　焼き,0.0,145.0,,,,,,,,,none
11290,＜鳥肉類＞　にわとり　［若どり・主品目］　もも　皮なし　から揚げ,0.9,249.0,0.2,0.7,0.9,,,,,,prosky
11227,＜鳥肉類＞　にわとり　［若どり・副品目］　ささみ　生,0.0,98.0,,,,,,,,,none
11229,＜鳥肉類＞　にわとり　［若どり・副品目］　ささみ　ゆで,0.0,121.0,,,,,,,,,none
11228,＜鳥肉類＞　にわとり　［若どり・副品目］　ささみ　焼き,0.0,132.0,,,,,,,,,none
11298,＜鳥肉類＞　にわとり　［若どり・副品目］　ささみ　ソテー,0.0,186.0,,,,,,,,,none
11300,＜鳥肉類＞　にわとり　［若どり・副品目］　ささみ　フライ,,246.0,,,,,,,,,none
11299,＜鳥肉類＞　にわとり　［若どり・副品目］　ささみ　天ぷら,,192.0,,,,,,,,,none
11230,＜鳥肉類＞　にわとり　［二次品目］　ひき肉　生,0.0,171.0,,,,,,,,,none
11291,＜鳥肉類＞　にわとり　［二次品目］　ひき肉　焼き,0.0,235.0,,,,,,,,,none
11231,＜鳥肉類＞　にわとり　［副品目］　心臓　生,0.0,186.0,,,,,,,,,none
11232,＜鳥肉類＞　にわとり　［副品目］　肝臓　生,0.0,100.0,,,,,,,,,none
11233,＜鳥肉類＞　にわとり　［副品目］　すなぎも　生,0.0,86.0,,,,,,,,,none
11234,＜鳥肉類＞　にわとり　［副品目］　皮　むね　生,0.0,466.0,,,,,,,,,none
11235,＜鳥肉類＞　にわとり　［副品目］　皮　もも　生,0.0,474.0,,,,,,,,,none
11236,＜鳥肉類＞　にわとり　［副品目］　なんこつ（胸肉）　生,0.0,54.0,,,,,,,,,none
11237,＜鳥肉類＞　にわとり　［その他］　焼き鳥缶詰,0.0,173.0,,,,,,,,,none
11292,＜鳥肉類＞　にわとり　［その他］　チキンナゲット,1.2,235.0,0.3,1.0,1.2,,,,,,prosky
11293,＜鳥肉類＞　にわとり　［その他］　つくね,1.9,235.0,0.8,1.1,1.9,,,,,,prosky
11238,＜鳥肉類＞　はと　肉　皮なし　生,0.0,131.0,,,,,,,,,none
11240,＜鳥肉類＞　ほろほろちょう　肉　皮なし　生,0.0,98.0,,,,,,,,,none
11241,＜その他＞　いなご　つくだ煮,0.0,243.0,,,,,,,,,none
11242,＜その他＞　かえる　肉　生,0.0,92.0,,,,,,,,,none
11243,＜その他＞　すっぽん　肉　生,0.0,175.0,,,,,,,,,none
11244,＜その他＞　はち　はちの子缶詰,0.0,239.0,,,,,,,,,none
12020,あひる卵　ピータン,0.0,188.0,,,,,,,,,none
12001,うこっけい卵　全卵　生,0.0,154.0,,,,,,,,,none
12002,うずら卵　全卵　生,0.0,157.0,,,,,,,,,none
12003,うずら卵　水煮缶詰,0.0,162.0,,,,,,,,,none
12004,鶏卵　全卵　生,0.0,142.0,,,,,,,,,none
12005,鶏卵　全卵　ゆで,0.0,134.0,,,,,,,,,none
12006,鶏卵　全卵　ポーチドエッグ,0.0,145.0,,,,,,,,,none
12021,鶏卵　全卵　目玉焼き,0.0,205.0,,,,,,,,,none
12022,鶏卵　全卵　いり,0.0,190.0,,,,,,,,,none
12023,鶏卵　全卵　素揚げ,0.0,321.0,,,,,,,,,none
12007,鶏卵　全卵　水煮缶詰,0.0,131.0,,,,,,,,,none
12008,鶏卵　全卵　加糖全卵,0.0,199.0,,,,,,,,,none
12009,鶏卵　全卵　乾燥全卵,0.0,542.0,,,,,,,,,none
12010,鶏卵　卵黄　生,0.0,336.0,,,,,,,,,none
12011,鶏卵　卵黄　ゆで,0.0,330.0,,,,,,,,,none
12012,鶏卵　卵黄　加糖卵黄,0.0,327.0,,,,,,,,,none
12013,鶏卵　卵黄　乾燥卵黄,0.0,638.0,,,,,,,,,none
12014,鶏卵　卵白　生,0.0,44.0,,,,,,,,,none
12015,鶏卵　卵白　ゆで,0.0,46.0,,,,,,,,,none
12016,鶏卵　卵白　乾燥卵白,0.0,350.0,,,,,,,,,none
12017,鶏卵　たまご豆腐,0.0,76.0,,,,,,,,,none
12018,鶏卵　たまご焼　厚焼きたまご,0.0,146.0,,,,,,,,,none
12019,鶏卵　たまご焼　だし巻きたまご,0.0,123.0,,,,,,,,,none
13001,＜牛乳及び乳製品＞　（液状乳類）　生乳　ジャージー種,0.0,77.0,,,,,,,,,none
13002,＜牛乳及び乳製品＞　（液状乳類）　生乳　ホルスタイン種,0.0,63.0,,,,,,,,,none
13003,＜牛乳及び乳製品＞　（液状乳類）　普通牛乳,0.0,61.0,,,,,,,,,none
13006,＜牛乳及び乳製品＞　（液状乳類）　脱脂乳,0.0,31.0,,,,,,,,,none
13004,＜牛乳及び乳製品＞　（液状乳類）　加工乳　濃厚,0.0,70.0,,,,,,,,,none
13005,＜牛乳及び乳製品＞　（液状乳類）　加工乳　低脂肪,0.0,42.0,,,,,,,,,none
13059,＜牛乳及び乳製品＞　（液状乳類）　乳児用液体ミルク,0.0,66.0,,,,,,,,,none
13007,＜牛乳及び乳製品＞　（液状乳類）　乳飲料　コーヒー,0.0,56.0,,,,,,,,,none
13008,＜牛乳及び乳製品＞　（液状乳類）　乳飲料　フルーツ,0.0,46.0,,,,,,,,,none
13009,＜牛乳及び乳製品＞　（粉乳類）　全粉乳,0.0,490.0,,,,,,,,,none
13010,＜牛乳及び乳製品＞　（粉乳類）　脱脂粉乳,0.0,354.0,,,,,,,,,none
13011,＜牛乳及び乳製品＞　（粉乳類）　乳児用調製粉乳,0.0,510.0,,,,,,,,,none
13012,＜牛乳及び乳製品＞　（練乳類）　無糖練乳,0.0,135.0,,,,,,,,,none
13013,＜牛乳及び乳製品＞　（練乳類）　加糖練乳,0.0,314.0,,,,,,,,,none
13014,＜牛乳及び乳製品＞　（クリーム類）　クリーム　乳脂肪,0.0,404.0,,,,,,,,,none
13015,＜牛乳及び乳製品＞　（クリーム類）　クリーム　乳脂肪・植物性脂肪,0.0,388.0,,,,,,,,,none
13016,＜牛乳及び乳製品＞　（クリーム類）　クリーム　植物性脂肪,0.0,353.0,,,,,,,,,none
13017,＜牛乳及び乳製品＞　（クリーム類）　ホイップクリーム　乳脂肪,0.0,409.0,,,,,,,,,none
13018,＜牛乳及び乳製品＞　（クリーム類）　ホイップクリーム　乳脂肪・植物性脂肪,0.0,394.0,,,,,,,,,none
13019,＜牛乳及び乳製品＞　（クリーム類）　ホイップクリーム　植物性脂肪,0.0,399.0,,,,,,,,,none
13020,＜牛乳及び乳製品＞　（クリーム類）　コーヒーホワイトナー　液状　乳脂肪,0.0,205.0,,,,,,,,,none
13021,＜牛乳及び乳製品＞　（クリーム類）　コーヒーホワイトナー　液状　乳脂肪・植物性脂肪,0.0,227.0,,,,,,,,,none
13022,＜牛乳及び乳製品＞　（クリーム類）　コーヒーホワイトナー　液状　植物性脂肪,0.0,244.0,,,,,,,,,none
13023,＜牛乳及び乳製品＞　（クリーム類）　コーヒーホワイトナー　粉末状　乳脂肪,0.0,504.0,,,,,,,,,none
13024,＜牛乳及び乳製品＞　（クリーム類）　コーヒーホワイトナー　粉末状　植物性脂肪,0.0,542.0,,,,,,,,,none
13025,＜牛乳及び乳製品＞　（発酵乳・乳酸菌飲料）　ヨーグルト　全脂無糖,0.0,56.0,,,,,,,,,none
13053,＜牛乳及び乳製品＞　（発酵乳・乳酸菌飲料）　ヨーグルト　低脂肪無糖,0.0,40.0,,,,,,,,,none
13054,＜牛乳及び乳製品＞　（発酵乳・乳酸菌飲料）　ヨーグルト　無脂肪無糖,0.0,37.0,,,,,,,,,none
13026,＜牛乳及び乳製品＞　（発酵乳・乳酸菌飲料）　ヨーグルト　脱脂加糖,0.0,65.0,,,,,,,,,none
13027,＜牛乳及び乳製品＞　（発酵乳・乳酸菌飲料）　ヨーグルト　ドリンクタイプ　加糖,0.0,64.0,,,,,,,,,none
13028,＜牛乳及び乳製品＞　（発酵乳・乳酸菌飲料）　乳酸菌飲料　乳製品,0.0,64.0,,,,,,,,,none
13029,＜牛乳及び乳製品＞　（発酵乳・乳酸菌飲料）　乳酸菌飲料　殺菌乳製品,0.0,217.0,,,,,,,,,none
13030,＜牛乳及び乳製品＞　（発酵乳・乳酸菌飲料）　乳酸菌飲料　非乳製品,0.2,39.0,0.2,0.0,0.2,,,,,,prosky
13031,＜牛乳及び乳製品＞　（チーズ類）　ナチュラルチーズ　エダム,0.0,321.0,,,,,,,,,none
13032,＜牛乳及び乳製品＞　（チーズ類）　ナチュラルチーズ　エメンタール,0.0,398.0,,,,,,,,,none
13033,＜牛乳及び乳製品＞　（チーズ類）　ナチュラルチーズ　カテージ,0.0,99.0,,,,,,,,,none
13034,＜牛乳及び乳製品＞　（チーズ類）　ナチュラルチーズ　カマンベール,0.0,291.0,,,,,,,,,none
13035,＜牛乳及び乳製品＞　（チーズ類）　ナチュラルチーズ　クリーム,0.0,313.0,,,,,,,,,none
13036,＜牛乳及び乳製品＞　（チーズ類）　ナチュラルチーズ　ゴーダ,0.0,356.0,,,,,,,,,none
13037,＜牛乳及び乳製品＞　（チーズ類）　ナチュラルチーズ　チェダー,0.0,390.0,,,,,,,,,none
13038,＜牛乳及び乳製品＞　（チーズ類）　ナチュラルチーズ　パルメザン,0.0,445.0,,,,,,,,,none
13039,＜牛乳及び乳製品＞　（チーズ類）　ナチュラルチーズ　ブルー,0.0,326.0,,,,,,,,,none
13055,＜牛乳及び乳製品＞　（チーズ類）　ナチュラルチーズ　マスカルポーネ,0.0,273.0,,,,,,,,,none
13056,＜牛乳及び乳製品＞　（チーズ類）　ナチュラルチーズ　モッツァレラ,0.0,269.0,,,,,,,,,none
13057,＜牛乳及び乳製品＞　（チーズ類）　ナチュラルチーズ　やぎ,0.0,280.0,,,,,,,,,none
13058,＜牛乳及び乳製品＞　（チーズ類）　ナチュラルチーズ　リコッタ,0.0,159.0,,,,,,,,,none
13040,＜牛乳及び乳製品＞　（チーズ類）　プロセスチーズ,0.0,313.0,,,,,,,,,none
13041,＜牛乳及び乳製品＞　（チーズ類）　チーズスプレッド,0.0,284.0,,,,,,,,,none
13042,＜牛乳及び乳製品＞　（アイスクリーム類）　アイスクリーム　高脂肪,0.1,205.0,0.1,0.0,0.1,,,,,,prosky
13043,＜牛乳及び乳製品＞　（アイスクリーム類）　アイスクリーム　普通脂肪,0.1,178.0,0.1,0.0,0.1,,,,,,prosky
13044,＜牛乳及び乳製品＞　（アイスクリーム類）　アイスミルク,0.0,167.0,,,,,,,,,none
13045,＜牛乳及び乳製品＞　（アイスクリーム類）　ラクトアイス　普通脂肪,0.1,217.0,0.1,0.0,0.1,,,,,,prosky
13046,＜牛乳及び乳製品＞　（アイスクリーム類）　ラクトアイス　低脂肪,0.0,108.0,,,,,,,,,none
13047,＜牛乳及び乳製品＞　（アイスクリーム類）　ソフトクリーム,0.0,146.0,,,,,,,,,none
13048,＜牛乳及び乳製品＞　（その他）　カゼイン,0.0,358.0,,,,,,,,,none
13049,＜牛乳及び乳製品＞　（その他）　シャーベット,0.0,128.0,,,,,,,,,none
13050,＜牛乳及び乳製品＞　（その他）　チーズホエーパウダー,0.0,339.0,,,,,,,,,none
13051,＜その他＞　人乳,0.0,61.0,,,,,,,,,none
13052,＜その他＞　やぎ乳,0.0,57.0,,,,,,,,,none
14023,（植物油脂類）　あまに油,0.0,897.0,,,,,,,,,none
14024,（植物油脂類）　えごま油,0.0,897.0,,,,,,,,,none
14001,（植物油脂類）　オリーブ油,0.0,894.0,,,,,,,,,none
14002,（植物油脂類）　ごま油,0.0,890.0,,,,,,,,,none
14003,（植物油脂類）　米ぬか油,0.0,880.0,,,,,,,,,none
14004,（植物油脂類）　サフラワー油　ハイオレイック,0.0,892.0,,,,,,,,,none
14025,（植物油脂類）　サフラワー油　ハイリノール,0.0,883.0,,,,,,,,,none
14005,（植物油脂類）　大豆油,0.0,885.0,,,,,,,,,none
14006,（植物油脂類）　調合油,0.0,886.0,,,,,,,,,none
14007,（植物油脂類）　とうもろこし油,0.0,884.0,,,,,,,,,none
14008,（植物油脂類）　なたね油,0.0,887.0,,,,,,,,,none
14009,（植物油脂類）　パーム油,0.0,887.0,,,,,,,,,none
14010,（植物油脂類）　パーム核油,0.0,893.0,,,,,,,,,none
14011,（植物油脂類）　ひまわり油　ハイリノール,0.0,899.0,,,,,,,,,none
14026,（植物油脂類）　ひまわり油　ミッドオレイック,0.0,892.0,,,,,,,,,none
14027,（植物油脂類）　ひまわり油　ハイオレイック,0.0,899.0,,,,,,,,,none
14028,（植物油脂類）　ぶどう油,0.0,882.0,,,,,,,,,none
14012,（植物油脂類）　綿実油,0.0,883.0,,,,,,,,,none
14013,（植物油脂類）　やし油,0.0,889.0,,,,,,,,,none
14014,（植物油脂類）　落花生油,0.0,882.0,,,,,,,,,none
14015,（動物油脂類）　牛脂,0.0,869.0,,,,,,,,,none
14032,（動物油脂類）　たらのあぶら,,853.0,,,,,,,,,none
14016,（動物油脂類）　ラード,0.0,885.0,,,,,,,,,none
14017,（バター類）　無発酵バター　有塩バター,0.0,700.0,,,,,,,,,none
14018,（バター類）　無発酵バター　食塩不使用バター,0.0,720.0,,,,,,,,,none
14019,（バター類）　発酵バター　有塩バター,0.0,713.0,,,,,,,,,none
14020,（マーガリン類）　マーガリン　家庭用　有塩,0.0,715.0,,,,,,,,,none
14033,（マーガリン類）　マーガリン　家庭用　無塩,0.0,715.0,,,,,,,,,none
14029,（マーガリン類）　マーガリン　業務用　有塩,0.0,740.0,,,,,,,,,none
14034,（マーガリン類）　マーガリン　業務用　無塩,0.0,740.0,,,,,,,,,none
14021,（マーガリン類）　ファットスプレッド,0.0,579.0,,,,,,,,,none
14022,（その他）　ショートニング　家庭用,0.0,889.0,,,,,,,,,none
14030,（その他）　ショートニング　業務用　製菓,0.0,881.0,,,,,,,,,none
14031,（その他）　ショートニング　業務用　フライ,0.0,886.0,,,,,,,,,none
15001,＜和生菓子・和半生菓子類＞　甘納豆　あずき,4.8,283.0,0.3,4.5,4.8,,,,,,prosky
15002,＜和生菓子・和半生菓子類＞　甘納豆　いんげんまめ,5.5,288.0,0.6,4.8,5.5,,,,,,prosky
15003,＜和生菓子・和半生菓子類＞　甘納豆　えんどう,3.2,293.0,0.2,3.0,3.2,,,,,,prosky
15005,＜和生菓子・和半生菓子類＞　今川焼　こしあん入り,1.4,217.0,0.4,1.0,1.4,,,,,,prosky
15145,＜和生菓子・和半生菓子類＞　今川焼　つぶしあん入り,1.7,220.0,0.4,1.2,1.7,,,,,,prosky
15146,＜和生菓子・和半生菓子類＞　今川焼　カスタードクリーム入り,0.9,224.0,0.4,0.5,0.9,,,,,,prosky
15006,＜和生菓子・和半生菓子類＞　ういろう　白,0.1,181.0,0.0,0.1,0.1,,,,,,prosky
15147,＜和生菓子・和半生菓子類＞　ういろう　黒,0.1,174.0,0.0,0.1,0.1,,,,,,prosky
15007,＜和生菓子・和半生菓子類＞　うぐいすもち　こしあん入り,1.8,236.0,0.1,1.7,1.8,,,,,,prosky
15148,＜和生菓子・和半生菓子類＞　うぐいすもち　つぶしあん入り,1.2,237.0,0.1,1.1,1.2,,,,,,prosky
15008,＜和生菓子・和半生菓子類＞　かしわもち　こしあん入り,1.7,203.0,0.1,1.6,1.7,,,,,,prosky
15149,＜和生菓子・和半生菓子類＞　かしわもち　つぶしあん入り,1.7,204.0,0.1,1.6,1.7,,,,,,prosky
15009,＜和生菓子・和半生菓子類＞　カステラ,0.5,313.0,0.2,0.3,0.5,,,,,,prosky
15010,＜和生菓子・和半生菓子類＞　かのこ,3.8,260.0,0.2,3.0,3.8,,,,,,prosky
15011,＜和生菓子・和半生菓子類＞　かるかん,0.4,226.0,0.1,0.3,0.4,,,,,,prosky
15012,＜和生菓子・和半生菓子類＞　きび団子,0.1,298.0,0.0,0.1,0.1,,,,,,prosky
15013,＜和生菓子・和半生菓子類＞　ぎゅうひ,0.1,253.0,0.0,0.1,0.1,,,,,,prosky
15014,＜和生菓子・和半生菓子類＞　きりざんしょ,0.2,245.0,0.0,0.2,0.2,,,,,,prosky
15015,＜和生菓子・和半生菓子類＞　きんぎょく糖,0.8,282.0,0.0,0.0,0.8,,,,,,prosky
15016,＜和生菓子・和半生菓子類＞　きんつば,5.5,260.0,0.6,4.9,5.5,,,,,,prosky
15017,＜和生菓子・和半生菓子類＞　草もち　こしあん入り,1.9,224.0,0.1,1.8,1.9,,,,,,prosky
15150,＜和生菓子・和半生菓子類＞　草もち　つぶしあん入り,2.7,227.0,0.6,2.1,2.7,,,,,,prosky
15018,＜和生菓子・和半生菓子類＞　くし団子　あん　こしあん入り,1.2,198.0,,1.2,1.2,,,,,,prosky
15151,＜和生菓子・和半生菓子類＞　くし団子　あん　つぶしあん入り,1.3,199.0,0.1,1.2,1.3,,,,,,prosky
15019,＜和生菓子・和半生菓子類＞　くし団子　みたらし,0.3,194.0,0.0,0.3,0.3,,,,,,prosky
15121,＜和生菓子・和半生菓子類＞　くずもち　関西風　くずでん粉製品,0.0,93.0,,,,,,,,,none
15122,＜和生菓子・和半生菓子類＞　くずもち　関東風　小麦でん粉製品,0.0,94.0,,,,,,,,,none
15020,＜和生菓子・和半生菓子類＞　げっぺい,2.1,348.0,0.1,2.0,2.1,,,,,,prosky
15123,＜和生菓子・和半生菓子類＞　五平もち,1.3,178.0,,0.8,0.8,0.8,,0.5,0.1,1.3,both
15022,＜和生菓子・和半生菓子類＞　桜もち　関西風　こしあん入り,1.7,196.0,0.1,1.6,1.7,,,,,,prosky
15153,＜和生菓子・和半生菓子類＞　桜もち　関西風　つぶしあん入り,1.3,197.0,0.1,1.2,1.3,,,,,,prosky
15021,＜和生菓子・和半生菓子類＞　桜もち　関東風　こしあん入り,2.6,235.0,0.3,2.3,2.6,,,,,,prosky
15152,＜和生菓子・和半生菓子類＞　桜もち　関東風　つぶしあん入り,2.5,237.0,0.5,2.1,2.5,,,,,,prosky
15124,＜和生菓子・和半生菓子類＞　笹だんご　こしあん入り,1.9,227.0,0.2,1.7,1.9,,,,,,prosky
15154,＜和生菓子・和半生菓子類＞　笹だんご　つぶしあん入り,2.3,228.0,0.2,2.1,2.3,,,,,,prosky
15143,＜和生菓子・和半生菓子類＞　ずんだあん,2.5,190.0,0.3,2.3,2.5,,,,,,prosky
15144,＜和生菓子・和半生菓子類＞　ずんだもち,1.3,212.0,0.1,1.2,1.3,,,,,,prosky
15023,＜和生菓子・和半生菓子類＞　大福もち　こしあん入り,1.8,223.0,0.1,1.8,1.8,,,,,,prosky
15155,＜和生菓子・和半生菓子類＞　大福もち　つぶしあん入り,2.7,223.0,0.2,2.5,2.7,,,,,,prosky
15024,＜和生菓子・和半生菓子類＞　タルト　（和菓子）,1.5,288.0,0.2,1.3,1.5,,,,,,prosky
15025,＜和生菓子・和半生菓子類＞　ちまき,0.1,150.0,,0.1,0.1,,,,,,prosky
15026,＜和生菓子・和半生菓子類＞　ちゃつう,3.8,320.0,0.3,3.5,3.8,,,,,,prosky
15156,＜和生菓子・和半生菓子類＞　どら焼　こしあん入り,1.5,282.0,0.3,1.1,1.5,,,,,,prosky
15027,＜和生菓子・和半生菓子類＞　どら焼　つぶしあん入り,1.9,292.0,0.4,1.5,1.9,,,,,,prosky
15157,＜和生菓子・和半生菓子類＞　生八つ橋　あん入り　こしあん入り,1.6,274.0,0.1,1.5,1.6,,,,,,prosky
15004,＜和生菓子・和半生菓子類＞　生八つ橋　あん入り　こしあん・つぶしあん混合,2.1,274.0,0.1,2.0,2.1,,,,,,prosky
15158,＜和生菓子・和半生菓子類＞　生八つ橋　あん入り　つぶしあん入り,2.3,275.0,0.2,2.1,2.3,,,,,,prosky
15028,＜和生菓子・和半生菓子類＞　ねりきり,3.6,259.0,0.2,3.4,3.6,,,,,,prosky
15029,＜和生菓子・和半生菓子類＞　まんじゅう　カステラまんじゅう　こしあん入り,2.4,292.0,0.4,2.0,2.4,,,,,,prosky
15159,＜和生菓子・和半生菓子類＞　まんじゅう　カステラまんじゅう　つぶしあん入り,3.2,292.0,0.6,2.7,3.2,,,,,,prosky
15160,＜和生菓子・和半生菓子類＞　まんじゅう　かるかんまんじゅう　こしあん入り,1.4,226.0,0.1,1.3,1.4,,,,,,prosky
15161,＜和生菓子・和半生菓子類＞　まんじゅう　かるかんまんじゅう　つぶしあん入り,1.9,226.0,0.2,1.7,1.9,,,,,,prosky
15030,＜和生菓子・和半生菓子類＞　まんじゅう　くずまんじゅう　こしあん入り,2.2,216.0,0.1,2.1,2.2,,,,,,prosky
15162,＜和生菓子・和半生菓子類＞　まんじゅう　くずまんじゅう　つぶしあん入り,1.3,218.0,0.1,1.2,1.3,,,,,,prosky
15031,＜和生菓子・和半生菓子類＞　まんじゅう　くりまんじゅう　こしあん入り,3.3,296.0,0.3,3.0,3.3,,,,,,prosky
15163,＜和生菓子・和半生菓子類＞　まんじゅう　くりまんじゅう　つぶしあん入り,4.7,295.0,0.6,4.1,4.7,,,,,,prosky
15032,＜和生菓子・和半生菓子類＞　まんじゅう　とうまんじゅう　こしあん入り,1.7,299.0,0.3,1.4,1.7,,,,,,prosky
15164,＜和生菓子・和半生菓子類＞　まんじゅう　とうまんじゅう　つぶしあん入り,2.3,294.0,0.4,1.9,2.3,,,,,,prosky
15033,＜和生菓子・和半生菓子類＞　まんじゅう　蒸しまんじゅう　こしあん入り,2.4,254.0,0.4,2.1,2.4,,,,,,prosky
15165,＜和生菓子・和半生菓子類＞　まんじゅう　蒸しまんじゅう　つぶしあん入り,3.4,257.0,0.5,2.8,3.4,,,,,,prosky
15034,＜和生菓子・和半生菓子類＞　まんじゅう　中華まんじゅう　あんまん　こしあん入り,2.6,273.0,0.6,2.0,2.6,,,,,,prosky
15166,＜和生菓子・和半生菓子類＞　まんじゅう　中華まんじゅう　あんまん　つぶしあん入り,3.3,279.0,0.7,2.6,3.3,,,,,,prosky
15035,＜和生菓子・和半生菓子類＞　まんじゅう　中華まんじゅう　肉まん,3.2,242.0,1.1,2.2,3.2,,,,,,prosky
15036,＜和生菓子・和半生菓子類＞　もなか　こしあん入り,3.1,277.0,0.1,2.9,3.1,,,,,,prosky
15167,＜和生菓子・和半生菓子類＞　もなか　つぶしあん入り,6.1,278.0,0.5,5.6,6.1,,,,,,prosky
15037,＜和生菓子・和半生菓子類＞　ゆべし,0.5,321.0,,0.5,0.5,,,,,,prosky
15038,＜和生菓子・和半生菓子類＞　ようかん　練りようかん,3.1,289.0,0.1,2.4,3.1,,,,,,prosky
15039,＜和生菓子・和半生菓子類＞　ようかん　水ようかん,2.2,168.0,0.1,1.7,2.2,,,,,,prosky
15040,＜和生菓子・和半生菓子類＞　ようかん　蒸しようかん,2.8,237.0,0.2,2.6,2.8,,,,,,prosky
15041,＜和干菓子類＞　あめ玉,0.0,385.0,,,,,,,,,none
15042,＜和干菓子類＞　芋かりんとう,2.6,465.0,0.7,1.9,2.6,,,,,,prosky
15043,＜和干菓子類＞　おこし,0.4,376.0,0.0,0.4,0.4,,,,,,prosky
15044,＜和干菓子類＞　おのろけ豆,2.3,438.0,0.1,2.2,2.3,,,,,,prosky
15045,＜和干菓子類＞　かりんとう　黒,1.2,420.0,0.5,0.7,1.2,,,,,,prosky
15046,＜和干菓子類＞　かりんとう　白,1.7,423.0,0.7,1.0,1.7,,,,,,prosky
15047,＜和干菓子類＞　ごかぼう,4.5,367.0,0.6,3.9,4.5,,,,,,prosky
15048,＜和干菓子類＞　小麦粉せんべい　磯部せんべい,1.3,377.0,0.6,0.7,1.3,,,,,,prosky
15049,＜和干菓子類＞　小麦粉せんべい　かわらせんべい,1.2,390.0,0.6,0.6,1.2,,,,,,prosky
15050,＜和干菓子類＞　小麦粉せんべい　巻きせんべい,1.0,386.0,0.5,0.5,1.0,,,,,,prosky
15051,＜和干菓子類＞　小麦粉せんべい　南部せんべい　ごま入り,4.2,423.0,1.4,2.9,4.2,,,,,,prosky
15052,＜和干菓子類＞　小麦粉せんべい　南部せんべい　落花生入り,3.5,421.0,1.1,2.4,3.5,,,,,,prosky
15053,＜和干菓子類＞　しおがま,0.6,348.0,,0.6,0.6,,,,,,prosky
15056,＜和干菓子類＞　ひなあられ　関西風,1.3,385.0,0.0,1.3,1.3,,,,,,prosky
15055,＜和干菓子類＞　ひなあられ　関東風,2.5,380.0,0.2,2.4,2.5,,,,,,prosky
15057,＜和干菓子類＞　米菓　揚げせんべい,0.5,458.0,0.0,0.5,0.5,,,,,,prosky
15058,＜和干菓子類＞　米菓　甘辛せんべい,0.6,374.0,,0.6,0.6,,,,,,prosky
15059,＜和干菓子類＞　米菓　あられ,0.8,378.0,0.0,0.8,0.8,,,,,,prosky
15060,＜和干菓子類＞　米菓　しょうゆせんべい,0.6,368.0,0.0,0.6,0.6,,,,,,prosky
15061,＜和干菓子類＞　ボーロ　小粒,0.0,391.0,,,,,,,,,none
15062,＜和干菓子類＞　ボーロ　そばボーロ,1.5,398.0,0.6,1.0,1.5,,,,,,prosky
15063,＜和干菓子類＞　松風,1.2,378.0,0.6,0.6,1.2,,,,,,prosky
15064,＜和干菓子類＞　みしま豆,6.0,402.0,0.9,5.1,6.0,,,,,,prosky
15065,＜和干菓子類＞　八つ橋,0.3,390.0,0.0,0.3,0.3,,,,,,prosky
15066,＜和干菓子類＞　らくがん　らくがん,0.2,384.0,0.0,0.2,0.2,,,,,,prosky
15067,＜和干菓子類＞　らくがん　麦らくがん,5.4,396.0,1.8,3.6,5.4,,,,,,prosky
15068,＜和干菓子類＞　らくがん　もろこしらくがん,6.9,374.0,0.2,6.7,6.9,,,,,,prosky
15125,＜菓子パン類＞　揚げパン,1.8,369.0,0.8,1.1,1.8,,,,,,prosky
15069,＜菓子パン類＞　あんパン　こしあん入り,2.5,267.0,0.4,2.0,2.5,,,,,,prosky
15168,＜菓子パン類＞　あんパン　つぶしあん入り,3.3,266.0,0.6,2.7,3.3,,,,,,prosky
15126,＜菓子パン類＞　あんパン　薄皮タイプ　こしあん入り,2.4,256.0,0.4,2.0,2.4,,,,,,prosky
15169,＜菓子パン類＞　あんパン　薄皮タイプ　つぶしあん入り,3.2,258.0,0.6,2.6,3.2,,,,,,prosky
15127,＜菓子パン類＞　カレーパン　皮及び具,1.6,302.0,0.6,1.0,1.6,,,,,,prosky
15128,＜菓子パン類＞　カレーパン　皮のみ,1.3,363.0,0.6,0.7,1.3,,,,,,prosky
15129,＜菓子パン類＞　カレーパン　具のみ,2.4,168.0,0.6,1.7,2.4,,,,,,prosky
15070,＜菓子パン類＞　クリームパン,1.3,286.0,0.5,0.8,1.3,,,,,,prosky
15130,＜菓子パン類＞　クリームパン　薄皮タイプ,0.6,218.0,0.3,0.4,0.6,,,,,,prosky
15071,＜菓子パン類＞　ジャムパン,1.6,285.0,0.7,0.9,1.6,,,,,,prosky
15072,＜菓子パン類＞　チョココロネ,1.1,320.0,0.4,0.7,1.1,,,,,,prosky
15131,＜菓子パン類＞　チョコパン　薄皮タイプ,0.8,340.0,0.3,0.5,0.8,,,,,,prosky
15132,＜菓子パン類＞　メロンパン,1.7,349.0,0.9,0.8,1.7,,,,,,prosky
15181,＜菓子パン類＞　菓子パン　あんなし,1.7,294.0,0.7,1.0,1.7,,,,,,prosky
15073,＜ケーキ・ペストリー類＞　シュークリーム,0.3,211.0,0.1,0.2,0.3,,,,,,prosky
15074,＜ケーキ・ペストリー類＞　スポンジケーキ,0.7,283.0,0.3,0.4,0.7,,,,,,prosky
15075,＜ケーキ・ペストリー類＞　ショートケーキ　果実なし,0.6,318.0,0.3,0.3,0.6,,,,,,prosky
15170,＜ケーキ・ペストリー類＞　ショートケーキ　いちご,0.9,314.0,0.4,0.5,0.9,,,,,,prosky
15133,＜ケーキ・ペストリー類＞　タルト　（洋菓子）,1.4,247.0,0.6,0.8,1.4,,,,,,prosky
15134,＜ケーキ・ペストリー類＞　チーズケーキ　ベイクドチーズケーキ,0.2,299.0,0.1,0.1,0.2,,,,,,prosky
15135,＜ケーキ・ペストリー類＞　チーズケーキ　レアチーズケーキ,0.3,349.0,0.2,0.1,0.3,,,,,,prosky
15182,＜ケーキ・ペストリー類＞　デニッシュペストリー　アメリカンタイプ　プレーン,2.1,382.0,0.8,1.4,2.1,,,,,,prosky
15076,＜ケーキ・ペストリー類＞　デニッシュペストリー　デンマークタイプ　プレーン,2.7,440.0,1.0,1.7,2.7,,,,,,prosky
15183,＜ケーキ・ペストリー類＞　デニッシュペストリー　アメリカンタイプ　あん入り　こしあん,2.9,330.0,0.5,2.3,2.9,,,,,,prosky
15184,＜ケーキ・ペストリー類＞　デニッシュペストリー　アメリカンタイプ　あん入り　つぶしあん,3.6,323.0,0.7,3.0,3.6,,,,,,prosky
15171,＜ケーキ・ペストリー類＞　デニッシュペストリー　デンマークタイプ　あん入り　こしあん,3.3,384.0,0.7,2.7,3.3,,,,,,prosky
15172,＜ケーキ・ペストリー類＞　デニッシュペストリー　デンマークタイプ　あん入り　つぶしあん,4.2,387.0,0.8,3.4,4.2,,,,,,prosky
15185,＜ケーキ・ペストリー類＞　デニッシュペストリー　アメリカンタイプ　あん入り　カスタードクリーム,1.4,304.0,0.5,0.9,1.4,,,,,,prosky
15173,＜ケーキ・ペストリー類＞　デニッシュペストリー　デンマークタイプ　あん入り　カスタードクリーム,2.1,417.0,0.8,1.3,2.1,,,,,,prosky
15077,＜ケーキ・ペストリー類＞　ドーナッツ　イーストドーナッツ　プレーン,1.5,379.0,0.6,0.9,1.5,,,,,,prosky
15174,＜ケーキ・ペストリー類＞　ドーナッツ　イーストドーナッツ　あん入り　こしあん,2.6,341.0,0.4,2.1,2.6,,,,,,prosky
15175,＜ケーキ・ペストリー類＞　ドーナッツ　イーストドーナッツ　あん入り　つぶしあん,3.4,341.0,0.6,2.8,3.4,,,,,,prosky
15176,＜ケーキ・ペストリー類＞　ドーナッツ　イーストドーナッツ　あん入り　カスタードクリーム,1.2,371.0,0.5,0.7,1.2,,,,,,prosky
15078,＜ケーキ・ペストリー類＞　ドーナッツ　ケーキドーナッツ　プレーン,1.2,367.0,0.6,0.6,1.2,,,,,,prosky
15177,＜ケーキ・ペストリー類＞　ドーナッツ　ケーキドーナッツ　あん入り　こしあん,2.4,353.0,0.3,2.1,2.4,,,,,,prosky
15178,＜ケーキ・ペストリー類＞　ドーナッツ　ケーキドーナッツ　あん入り　つぶしあん,3.4,355.0,0.5,2.9,3.4,,,,,,prosky
15179,＜ケーキ・ペストリー類＞　ドーナッツ　ケーキドーナッツ　あん入り　カスタードクリーム,0.7,375.0,0.3,0.4,0.7,,,,,,prosky
15079,＜ケーキ・ペストリー類＞　パイ　パイ皮,1.3,373.0,0.6,0.7,1.3,,,,,,prosky
15080,＜ケーキ・ペストリー類＞　パイ　アップルパイ,1.2,294.0,0.4,0.7,1.2,,,,,,prosky
15081,＜ケーキ・ペストリー類＞　パイ　ミートパイ,1.8,381.0,0.7,1.1,1.8,,,,,,prosky
15082,＜ケーキ・ペストリー類＞　バターケーキ,0.7,422.0,0.3,0.4,0.7,,,,,,prosky
15083,＜ケーキ・ペストリー類＞　ホットケーキ,1.1,253.0,0.5,0.6,1.1,,,,,,prosky
15084,＜ケーキ・ペストリー類＞　ワッフル　カスタードクリーム入り,0.8,241.0,0.4,0.4,0.8,,,,,,prosky
15085,＜ケーキ・ペストリー類＞　ワッフル　ジャム入り,1.3,279.0,0.7,0.7,1.3,,,,,,prosky
15086,＜デザート菓子類＞　カスタードプリン,0.0,116.0,,,,,,,,,none
15136,＜デザート菓子類＞　牛乳寒天,0.5,61.0,0.0,0.0,0.5,,,,,,prosky
15142,＜デザート菓子類＞　こんにゃくゼリー,0.8,65.0,0.8,0.0,0.8,,,,,,prosky
15087,＜デザート菓子類＞　ゼリー　オレンジ,0.2,80.0,0.2,0.0,0.2,,,,,,prosky
15088,＜デザート菓子類＞　ゼリー　コーヒー,0.0,43.0,,,,,,,,,none
15089,＜デザート菓子類＞　ゼリー　ミルク,0.0,103.0,,,,,,,,,none
15090,＜デザート菓子類＞　ゼリー　ワイン,0.0,65.0,,,,,,,,,none
15091,＜デザート菓子類＞　ババロア,0.0,204.0,,,,,,,,,none
15092,＜ビスケット類＞　ウエハース,1.2,439.0,0.7,0.5,1.2,,,,,,prosky
15141,＜ビスケット類＞　ウエハース　クリーム入り,2.1,492.0,0.9,1.2,2.1,,,,,,prosky
15093,＜ビスケット類＞　クラッカー　オイルスプレークラッカー,2.1,481.0,1.5,0.6,2.1,,,,,,prosky
15094,＜ビスケット類＞　クラッカー　ソーダクラッカー,2.1,421.0,1.3,0.8,2.1,,,,,,prosky
15095,＜ビスケット類＞　サブレ,1.3,459.0,0.6,0.7,1.3,,,,,,prosky
15054,＜ビスケット類＞　中華風クッキー,1.1,513.0,0.5,0.6,1.1,,,,,,prosky
15097,＜ビスケット類＞　ビスケット　ハードビスケット,2.3,422.0,1.6,0.7,2.3,,,,,,prosky
15098,＜ビスケット類＞　ビスケット　ソフトビスケット,1.4,512.0,0.9,0.5,1.4,,,,,,prosky
15099,＜ビスケット類＞　プレッツェル,2.6,465.0,1.6,1.0,2.6,,,,,,prosky
15096,＜ビスケット類＞　リーフパイ,1.7,558.0,0.8,0.9,1.7,,,,,,prosky
15100,＜ビスケット類＞　ロシアケーキ,1.8,486.0,0.5,1.3,1.8,,,,,,prosky
15101,＜スナック類＞　小麦粉あられ,2.3,472.0,1.1,1.2,2.3,,,,,,prosky
15102,＜スナック類＞　コーンスナック,1.0,516.0,0.2,0.8,1.0,,,,,,prosky
15103,＜スナック類＞　ポテトチップス　ポテトチップス,4.2,541.0,1.1,3.1,4.2,,,,,,prosky
15104,＜スナック類＞　ポテトチップス　成形ポテトチップス,4.8,515.0,1.9,2.9,4.8,,,,,,prosky
15109,＜キャンデー類＞　かわり玉,0.0,392.0,,,,,,,,,none
15105,＜キャンデー類＞　キャラメル,0.0,426.0,,,,,,,,,none
15107,＜キャンデー類＞　ゼリーキャンデー,0.9,334.0,,0.0,0.9,,,,,,prosky
15108,＜キャンデー類＞　ゼリービーンズ,0.9,358.0,0.0,0.0,0.9,,,,,,prosky
15110,＜キャンデー類＞　ドロップ,0.0,389.0,,,,,,,,,none
15111,＜キャンデー類＞　バタースコッチ,0.0,414.0,,,,,,,,,none
15112,＜キャンデー類＞　ブリットル,3.6,506.0,0.1,3.4,3.6,,,,,,prosky
15113,＜キャンデー類＞　マシュマロ,0.0,324.0,,,,,,,,,none
15106,＜キャンデー類＞　ラムネ,0.0,373.0,,,,,,,,,none
15137,＜チョコレート類＞　アーモンドチョコレート,6.1,562.0,0.9,5.2,6.1,,,,,,prosky
15114,＜チョコレート類＞　カバーリングチョコレート,3.2,488.0,1.2,2.0,3.2,,,,,,prosky
15186,＜チョコレート類＞　スイートチョコレート,7.7,530.0,,,,1.1,1.2,5.4,0.2,7.7,aoac2011.25
15187,＜チョコレート類＞　スイートチョコレート　カカオ増量,13.1,539.0,,,,0.8,2.1,10.2,0.4,13.1,aoac2011.25
15115,＜チョコレート類＞　ホワイトチョコレート,0.6,588.0,0.6,0.0,0.6,,,,,,prosky
15116,＜チョコレート類＞　ミルクチョコレート,3.9,550.0,1.0,2.9,3.9,,,,,,prosky
15117,＜果実菓子類＞　マロングラッセ,,303.0,,,,,,,,,none
15118,＜チューインガム類＞　板ガム,0.0,388.0,,,,,,,,,none
15119,＜チューインガム類＞　糖衣ガム,0.0,390.0,,,,,,,,,none
15120,＜チューインガム類＞　風船ガム,0.0,387.0,,,,,,,,,none
15138,＜その他＞　カスタードクリーム,0.2,174.0,0.1,0.1,0.2,,,,,,prosky
15139,＜その他＞　しるこ　こしあん,3.2,211.0,0.1,3.1,3.2,,,,,,prosky
15140,＜その他＞　しるこ　つぶしあん,4.3,179.0,0.4,3.9,4.3,,,,,,prosky
15180,＜その他＞　チョコレートクリーム,0.6,481.0,0.2,0.5,0.6,,,,,,prosky
16001,＜アルコール飲料類＞　（醸造酒類）　清酒　普通酒,0.0,107.0,0.0,0.0,0.0,,,,,,prosky
16002,＜アルコール飲料類＞　（醸造酒類）　清酒　純米酒,0.0,102.0,0.0,0.0,0.0,,,,,,prosky
16003,＜アルコール飲料類＞　（醸造酒類）　清酒　本醸造酒,0.0,106.0,0.0,0.0,0.0,,,,,,prosky
16004,＜アルコール飲料類＞　（醸造酒類）　清酒　吟醸酒,0.0,103.0,0.0,0.0,0.0,,,,,,prosky
16005,＜アルコール飲料類＞　（醸造酒類）　清酒　純米吟醸酒,0.0,102.0,0.0,0.0,0.0,,,,,,prosky
16006,＜アルコール飲料類＞　（醸造酒類）　ビール　淡色,0.0,39.0,0.0,0.0,0.0,,,,,,prosky
16007,＜アルコール飲料類＞　（醸造酒類）　ビール　黒,0.2,45.0,0.2,0.0,0.2,,,,,,prosky
16008,＜アルコール飲料類＞　（醸造酒類）　ビール　スタウト,0.3,62.0,0.3,0.0,0.3,,,,,,prosky
16009,＜アルコール飲料類＞　（醸造酒類）　発泡酒,0.0,44.0,0.0,0.0,0.0,,,,,,prosky
16010,＜アルコール飲料類＞　（醸造酒類）　ぶどう酒　白,,75.0,,,,,,,,,none
16011,＜アルコール飲料類＞　（醸造酒類）　ぶどう酒　赤,,68.0,,,,,,,,,none
16012,＜アルコール飲料類＞　（醸造酒類）　ぶどう酒　ロゼ,0.0,71.0,0.0,0.0,0.0,,,,,,prosky
16013,＜アルコール飲料類＞　（醸造酒類）　紹興酒,0.0,126.0,0.0,0.0,0.0,,,,,,prosky
16014,＜アルコール飲料類＞　（蒸留酒類）　しょうちゅう　連続式蒸留しょうちゅう,0.0,203.0,,,,,,,,,none
16015,＜アルコール飲料類＞　（蒸留酒類）　しょうちゅう　単式蒸留しょうちゅう,0.0,144.0,,,,,,,,,none
16060,＜アルコール飲料類＞　（蒸留酒類）　しょうちゅう　泡盛,,206.0,,,,,,,,,none
16016,＜アルコール飲料類＞　（蒸留酒類）　ウイスキー,0.0,234.0,,,,,,,,,none
16017,＜アルコール飲料類＞　（蒸留酒類）　ブランデー,0.0,234.0,,,,,,,,,none
16018,＜アルコール飲料類＞　（蒸留酒類）　ウオッカ,0.0,237.0,,,,,,,,,none
16019,＜アルコール飲料類＞　（蒸留酒類）　ジン,0.0,280.0,,,,,,,,,none
16020,＜アルコール飲料類＞　（蒸留酒類）　ラム,0.0,237.0,,,,,,,,,none
16021,＜アルコール飲料類＞　（蒸留酒類）　マオタイ酒,0.0,317.0,,,,,,,,,none
16022,＜アルコール飲料類＞　（混成酒類）　梅酒,,155.0,,,,,,,,,none
16023,＜アルコール飲料類＞　（混成酒類）　合成清酒,,108.0,,,,,,,,,none
16024,＜アルコール飲料類＞　（混成酒類）　白酒,,236.0,,,,,,,,,none
16025,＜アルコール飲料類＞　（混成酒類）　みりん　本みりん,,241.0,,,,,,,,,none
16026,＜アルコール飲料類＞　（混成酒類）　みりん　本直し,,179.0,,,,,,,,,none
16027,＜アルコール飲料類＞　（混成酒類）　薬味酒,,181.0,,,,,,,,,none
16028,＜アルコール飲料類＞　（混成酒類）　キュラソー,,319.0,,,,,,,,,none
16029,＜アルコール飲料類＞　（混成酒類）　スイートワイン,,125.0,,,,,,,,,none
16030,＜アルコール飲料類＞　（混成酒類）　ペパーミント,,300.0,,,,,,,,,none
16031,＜アルコール飲料類＞　（混成酒類）　ベルモット　甘口タイプ,,151.0,,,,,,,,,none
16032,＜アルコール飲料類＞　（混成酒類）　ベルモット　辛口タイプ,,113.0,,,,,,,,,none
16059,＜アルコール飲料類＞　（混成酒類）　缶チューハイ　レモン風味,0.1,51.0,0.0,0.0,0.1,,,,,,prosky
16033,＜茶類＞　（緑茶類）　玉露　茶,43.9,241.0,5.0,38.9,43.9,,,,,,prosky
16034,＜茶類＞　（緑茶類）　玉露　浸出液,,5.0,,,,,,,,,none
16035,＜茶類＞　（緑茶類）　抹茶　茶,38.5,237.0,6.6,31.9,38.5,,,,,,prosky
16036,＜茶類＞　（緑茶類）　せん茶　茶,46.5,229.0,3.0,43.5,46.5,,,,,,prosky
16037,＜茶類＞　（緑茶類）　せん茶　浸出液,,2.0,,,,,,,,,none
16038,＜茶類＞　（緑茶類）　かまいり茶　浸出液,,1.0,,,,,,,,,none
16062,＜茶類＞　（緑茶類）　番茶　茶,38.5,266.0,,,,1.8,6.0,30.7,,38.5,aoac2011.25
16039,＜茶類＞　（緑茶類）　番茶　浸出液,,0.0,,,,,,,,,none
16063,＜茶類＞　（緑茶類）　ほうじ茶　茶,49.3,257.0,,,,2.0,6.9,40.4,,49.3,aoac2011.25
16040,＜茶類＞　（緑茶類）　ほうじ茶　浸出液,,0.0,,,,,,,,,none
16041,＜茶類＞　（緑茶類）　玄米茶　浸出液,0.0,0.0,0.0,0.0,0.0,,,,,,prosky
16042,＜茶類＞　（発酵茶類）　ウーロン茶　浸出液,,0.0,,,,,,,,,none
16043,＜茶類＞　（発酵茶類）　紅茶　茶,38.1,234.0,4.4,33.7,38.1,,,,,,prosky
16044,＜茶類＞　（発酵茶類）　紅茶　浸出液,,1.0,,,,,,,,,none
16045,＜コーヒー・ココア類＞　コーヒー　浸出液,,4.0,,,,,,,,,none
16046,＜コーヒー・ココア類＞　コーヒー　インスタントコーヒー,,287.0,,,,,,,,,none
16064,＜コーヒー・ココア類＞　コーヒー　缶コーヒー　無糖,,3.0,,,,,,,,,none
16047,＜コーヒー・ココア類＞　コーヒー　コーヒー飲料　乳成分入り　加糖,,38.0,,,,,,,,,none
16048,＜コーヒー・ココア類＞　ココア　ピュアココア,23.9,386.0,5.6,18.3,23.9,,,,,,prosky
16049,＜コーヒー・ココア類＞　ココア　ミルクココア,5.5,400.0,1.3,4.2,5.5,,,,,,prosky
16056,＜その他＞　青汁　ケール,28.0,312.0,12.8,15.2,28.0,,,,,,prosky
16050,＜その他＞　甘酒,0.4,76.0,0.1,0.3,0.4,,,,,,prosky
16051,＜その他＞　昆布茶,2.8,173.0,2.0,0.8,2.8,,,,,,prosky
16057,＜その他＞　スポーツドリンク,0.0,21.0,0.0,0.0,0.0,,,,,,prosky
16052,＜その他＞　（炭酸飲料類）　果実色飲料,,51.0,,,,,,,,,none
16053,＜その他＞　（炭酸飲料類）　コーラ,,46.0,,,,,,,,,none
16054,＜その他＞　（炭酸飲料類）　サイダー,,41.0,,,,,,,,,none
16058,＜その他＞　（炭酸飲料類）　ビール風味炭酸飲料,,5.0,,,,,,,,,none
16061,＜その他＞　なぎなたこうじゅ　浸出液,,0.0,,,,,,,,,none
16055,＜その他＞　麦茶　浸出液,,1.0,,,,,,,,,none
17001,＜調味料類＞　（ウスターソース類）　ウスターソース,0.5,117.0,0.3,0.2,0.5,,,,,,prosky
17002,＜調味料類＞　（ウスターソース類）　中濃ソース,1.0,129.0,0.5,0.5,1.0,,,,,,prosky
17003,＜調味料類＞　（ウスターソース類）　濃厚ソース,1.0,130.0,0.5,0.5,1.0,,,,,,prosky
17085,＜調味料類＞　（ウスターソース類）　お好み焼きソース,0.9,144.0,0.4,0.5,0.9,,,,,,prosky
17004,＜調味料類＞　（辛味調味料類）　トウバンジャン,4.3,49.0,0.6,3.7,4.3,,,,,,prosky
17005,＜調味料類＞　（辛味調味料類）　チリペッパーソース,,58.0,,,,,,,,,none
17006,＜調味料類＞　（辛味調味料類）　ラー油,,887.0,,,,,,,,,none
17007,＜調味料類＞　（しょうゆ類）　こいくちしょうゆ,0.0,76.0,,,,,,,,,none
17086,＜調味料類＞　（しょうゆ類）　こいくちしょうゆ　減塩,0.0,68.0,,,,,,,,,none
17008,＜調味料類＞　（しょうゆ類）　うすくちしょうゆ,0.0,60.0,,,,,,,,,none
17139,＜調味料類＞　（しょうゆ類）　うすくちしょうゆ　低塩,0.0,77.0,,,,,,,0.0,,none
17009,＜調味料類＞　（しょうゆ類）　たまりしょうゆ,0.0,111.0,,,,,,,,,none
17010,＜調味料類＞　（しょうゆ類）　さいしこみしょうゆ,0.0,101.0,,,,,,,,,none
17011,＜調味料類＞　（しょうゆ類）　しろしょうゆ,0.0,86.0,,,,,,,,,none
17087,＜調味料類＞　（しょうゆ類）　だししょうゆ,0.0,39.0,,,,,,,,,none
17088,＜調味料類＞　（しょうゆ類）　照りしょうゆ,0.0,172.0,,,,,,,,,none
17012,＜調味料類＞　（食塩類）　食塩,0.0,0.0,,,,,,,,,none
17013,＜調味料類＞　（食塩類）　並塩,0.0,0.0,,,,,,,,,none
17146,＜調味料類＞　（食塩類）　減塩タイプ食塩　調味料含む,0.0,50.0,,,,,,,,,none
17147,＜調味料類＞　（食塩類）　減塩タイプ食塩　調味料不使用,0.0,0.0,,,,,,,,,none
17014,＜調味料類＞　（食塩類）　精製塩　家庭用,0.0,0.0,,,,,,,,,none
17089,＜調味料類＞　（食塩類）　精製塩　業務用,0.0,0.0,,,,,,,,,none
17090,＜調味料類＞　（食酢類）　黒酢,0.0,54.0,,,,,,,,,none
17015,＜調味料類＞　（食酢類）　穀物酢,0.0,25.0,,,,,,,,,none
17016,＜調味料類＞　（食酢類）　米酢,0.0,46.0,,,,,,,,,none
17091,＜調味料類＞　（食酢類）　果実酢　バルサミコ酢,0.0,99.0,,,,,,,,,none
17017,＜調味料類＞　（食酢類）　果実酢　ぶどう酢,0.0,22.0,0.0,0.0,0.0,,,,,,prosky
17018,＜調味料類＞　（食酢類）　果実酢　りんご酢,0.0,26.0,,,,,,,,,none
17130,＜調味料類＞　（だし類）　あごだし,0.0,0.0,0.0,0.0,0.0,,,,,,prosky
17019,＜調味料類＞　（だし類）　かつおだし　荒節,0.0,2.0,0.0,0.0,0.0,,,,,,prosky
17131,＜調味料類＞　（だし類）　かつおだし　本枯れ節,0.0,2.0,0.0,0.0,0.0,,,,,,prosky
17020,＜調味料類＞　（だし類）　昆布だし　水出し,,4.0,,,,,,,,,none
17132,＜調味料類＞　（だし類）　昆布だし　煮出し,0.1,5.0,0.1,0.0,0.1,,,,,,prosky
17021,＜調味料類＞　（だし類）　かつお・昆布だし　荒節・昆布だし,,2.0,,,,,,,,,none
17148,＜調味料類＞　（だし類）　かつお・昆布だし　本枯れ節・昆布だし,0.0,2.0,0.0,,0.0,,,,,,prosky
17022,＜調味料類＞　（だし類）　しいたけだし,,4.0,,,,,,,,,none
17023,＜調味料類＞　（だし類）　煮干しだし,0.0,1.0,,,,,,,,,none
17024,＜調味料類＞　（だし類）　鶏がらだし,0.0,7.0,,,,,,,,,none
17025,＜調味料類＞　（だし類）　中華だし,,3.0,,,,,,,,,none
17026,＜調味料類＞　（だし類）　洋風だし,,6.0,,,,,,,,,none
17027,＜調味料類＞　（だし類）　固形ブイヨン,0.3,233.0,0.3,0.0,0.3,,,,,,prosky
17092,＜調味料類＞　（だし類）　顆粒おでん用,0.0,166.0,,,,,,,,,none
17093,＜調味料類＞　（だし類）　顆粒中華だし,0.0,210.0,,,,,,,,,none
17028,＜調味料類＞　（だし類）　顆粒和風だし,0.0,223.0,0.0,0.0,0.0,,,,,,prosky
17140,＜調味料類＞　（だし類）　なべつゆ　ストレート　しょうゆ味,0.0,20.0,,,,,,,,,none
17029,＜調味料類＞　（だし類）　めんつゆ　ストレート,,44.0,,,,,,,,,none
17141,＜調味料類＞　（だし類）　めんつゆ　二倍濃縮,,71.0,,,,,,,,,none
17030,＜調味料類＞　（だし類）　めんつゆ　三倍濃縮,,98.0,,,,,,,,,none
17142,＜調味料類＞　（だし類）　ラーメンスープ　濃縮　しょうゆ味　ストレートしょうゆ味,0.0,157.0,,,,,,,,,none
17143,＜調味料類＞　（だし類）　ラーメンスープ　濃縮　みそ味　ストレートみそ味,1.6,187.0,0.2,1.3,1.6,,,,,,prosky
17094,＜調味料類＞　（調味ソース類）　甘酢,0.0,116.0,,,,,,,,,none
17095,＜調味料類＞　（調味ソース類）　エビチリの素,0.6,54.0,0.2,0.5,0.6,,,,,,prosky
17031,＜調味料類＞　（調味ソース類）　オイスターソース,0.2,105.0,0.2,0.0,0.2,,,,,,prosky
17096,＜調味料類＞　（調味ソース類）　黄身酢,0.0,219.0,,,,,,,,,none
17133,＜調味料類＞　（調味ソース類）　魚醤油　いかなごしょうゆ,0.0,64.0,0.0,0.0,0.0,,,,,,prosky
17134,＜調味料類＞　（調味ソース類）　魚醤油　いしる　（いしり）,0.3,67.0,0.3,0.0,0.3,,,,,,prosky
17135,＜調味料類＞　（調味ソース類）　魚醤油　しょっつる,0.1,29.0,0.1,0.0,0.1,,,,,,prosky
17107,＜調味料類＞　（調味ソース類）　魚醤油　ナンプラー,0.0,47.0,,,,,,,,,none
17097,＜調味料類＞　（調味ソース類）　ごま酢,1.9,212.0,0.4,1.5,1.9,,,,,,prosky
17098,＜調味料類＞　（調味ソース類）　ごまだれ,3.0,282.0,0.5,2.5,3.0,,,,,,prosky
17099,＜調味料類＞　（調味ソース類）　三杯酢,0.0,85.0,,,,,,,,,none
17100,＜調味料類＞　（調味ソース類）　二杯酢,0.0,59.0,,,,,,,,,none
17101,＜調味料類＞　（調味ソース類）　すし酢　ちらし・稲荷用,0.0,150.0,,,,,,,,,none
17102,＜調味料類＞　（調味ソース類）　すし酢　にぎり用,0.0,70.0,,,,,,,,,none
17103,＜調味料類＞　（調味ソース類）　すし酢　巻き寿司・箱寿司用,0.0,107.0,,,,,,,,,none
17104,＜調味料類＞　（調味ソース類）　中華風合わせ酢,0.0,153.0,0.0,,,,,,,,none
17105,＜調味料類＞　（調味ソース類）　デミグラスソース,,82.0,,,,,,,,,none
17106,＜調味料類＞　（調味ソース類）　テンメンジャン,3.1,249.0,1.2,1.9,3.1,,,,,,prosky
17108,＜調味料類＞　（調味ソース類）　冷やし中華のたれ,0.0,114.0,,,,,,,,,none
17109,＜調味料類＞　（調味ソース類）　ホワイトソース,0.4,99.0,0.2,0.2,0.4,,,,,,prosky
17110,＜調味料類＞　（調味ソース類）　ぽん酢しょうゆ,0.2,49.0,0.2,0.1,0.2,,,,,,prosky
17137,＜調味料類＞　（調味ソース類）　ぽん酢しょうゆ　市販品,0.3,59.0,0.2,0.1,0.3,,,,,,prosky
17032,＜調味料類＞　（調味ソース類）　マーボー豆腐の素,,115.0,,,,,,,,,none
17111,＜調味料類＞　（調味ソース類）　マリネ液,0.0,66.0,,,,,,,,,none
17033,＜調味料類＞　（調味ソース類）　ミートソース,,96.0,,,,,,,,,none
17144,＜調味料類＞　（調味ソース類）　焼きそば粉末ソース,3.3,248.0,,,,1.1,1.5,0.6,0.1,3.3,aoac2011.25
17112,＜調味料類＞　（調味ソース類）　焼き鳥のたれ,0.0,131.0,,,,,,,,,none
17113,＜調味料類＞　（調味ソース類）　焼き肉のたれ,0.4,164.0,0.1,0.3,0.4,,,,,,prosky
17114,＜調味料類＞　（調味ソース類）　みたらしのたれ,0.0,127.0,,,,,,,,,none
17115,＜調味料類＞　（調味ソース類）　ゆずこしょう,6.2,37.0,2.3,3.9,6.2,,,,,,prosky
17034,＜調味料類＞　（トマト加工品類）　トマトピューレー,1.8,44.0,1.0,0.8,1.8,,,,,,prosky
17035,＜調味料類＞　（トマト加工品類）　トマトペースト,4.7,94.0,2.4,2.3,4.7,,,,,,prosky
17036,＜調味料類＞　（トマト加工品類）　トマトケチャップ,1.7,116.0,0.6,1.2,1.7,,,,,,prosky
17037,＜調味料類＞　（トマト加工品類）　トマトソース,1.1,41.0,0.3,0.8,1.1,,,,,,prosky
17038,＜調味料類＞　（トマト加工品類）　チリソース,1.9,112.0,0.8,1.1,1.9,,,,,,prosky
17042,＜調味料類＞　（ドレッシング類）　半固体状ドレッシング　マヨネーズ　全卵型,0.0,668.0,,,,,,,,,none
17043,＜調味料類＞　（ドレッシング類）　半固体状ドレッシング　マヨネーズ　卵黄型,0.0,668.0,,,,,,,,,none
17118,＜調味料類＞　（ドレッシング類）　半固体状ドレッシング　マヨネーズタイプ調味料　低カロリータイプ,0.8,262.0,0.7,0.0,0.8,,,,,,prosky
17040,＜調味料類＞　（ドレッシング類）　分離液状ドレッシング　フレンチドレッシング　分離液状,0.0,325.0,,,,,,,,,none
17116,＜調味料類＞　（ドレッシング類）　分離液状ドレッシング　和風ドレッシング　分離液状,0.2,179.0,,0.2,0.2,,,,,,prosky
17039,＜調味料類＞　（ドレッシング類）　分離液状ドレッシング　和風ドレッシングタイプ調味料　ノンオイルタイプ,0.2,83.0,0.2,0.0,0.2,,,,,,prosky
17117,＜調味料類＞　（ドレッシング類）　乳化液状ドレッシング　ごまドレッシング,0.8,399.0,0.2,0.7,0.8,,,,,,prosky
17041,＜調味料類＞　（ドレッシング類）　乳化液状ドレッシング　サウザンアイランドドレッシング,0.4,392.0,0.1,0.3,0.4,,,,,,prosky
17149,＜調味料類＞　（ドレッシング類）　乳化液状ドレッシング　フレンチドレッシング　乳化液状,0.0,376.0,,,,,,,,,none
17044,＜調味料類＞　（みそ類）　米みそ　甘みそ,5.6,206.0,0.3,5.3,5.6,,,,,,prosky
17045,＜調味料類＞　（みそ類）　米みそ　淡色辛みそ,4.9,182.0,0.6,4.3,4.9,,,,,,prosky
17046,＜調味料類＞　（みそ類）　米みそ　赤色辛みそ,4.1,178.0,0.6,3.5,4.1,,,,,,prosky
17120,＜調味料類＞　（みそ類）　米みそ　だし入りみそ,4.1,167.0,0.5,3.6,4.1,,,,,,prosky
17145,＜調味料類＞　（みそ類）　米みそ　だし入りみそ　減塩,4.9,164.0,,,,1.0,0.9,3.0,0.1,4.9,aoac2011.25
17047,＜調味料類＞　（みそ類）　麦みそ,6.3,184.0,0.7,5.6,6.3,,,,,,prosky
17048,＜調味料類＞　（みそ類）　豆みそ,6.5,207.0,2.2,4.3,6.5,,,,,,prosky
17119,＜調味料類＞　（みそ類）　減塩みそ,4.3,190.0,0.9,3.5,4.3,,,,,,prosky
17049,＜調味料類＞　（みそ類）　即席みそ　粉末タイプ,6.6,321.0,1.1,5.5,6.6,,,,,,prosky
17050,＜調味料類＞　（みそ類）　即席みそ　ペーストタイプ,2.8,122.0,0.5,2.2,2.8,,,,,,prosky
17121,＜調味料類＞　（みそ類）　辛子酢みそ,2.7,216.0,0.1,2.5,2.7,,,,,,prosky
17122,＜調味料類＞　（みそ類）　ごまみそ,5.5,245.0,0.6,4.9,5.5,,,,,,prosky
17123,＜調味料類＞　（みそ類）　酢みそ,2.8,211.0,0.2,2.7,2.8,,,,,,prosky
17124,＜調味料類＞　（みそ類）　練りみそ,3.2,267.0,0.2,3.0,3.2,,,,,,prosky
17051,＜調味料類＞　（ルウ類）　カレールウ,6.4,474.0,1.2,2.5,3.7,1.2,1.7,3.4,,6.4,both
17052,＜調味料類＞　（ルウ類）　ハヤシルウ,2.5,501.0,1.4,1.1,2.5,,,,,,prosky
17125,＜調味料類＞　（その他）　お茶漬けの素　さけ,3.5,251.0,0.3,1.0,3.5,,,,,,prosky
17136,＜調味料類＞　（その他）　キムチの素,3.6,125.0,1.0,2.7,3.6,,,,,,prosky
17053,＜調味料類＞　（その他）　酒かす,5.2,215.0,0.0,5.2,5.2,,,,,,prosky
17126,＜調味料類＞　（その他）　即席すまし汁,3.3,194.0,0.2,0.9,3.3,,,,,,prosky
17127,＜調味料類＞　（その他）　ふりかけ　たまご,5.1,428.0,0.7,2.5,5.1,,,,,,prosky
17054,＜調味料類＞　（その他）　みりん風調味料,0.0,225.0,,,,,,,,,none
17138,＜調味料類＞　（その他）　料理酒,0.0,88.0,0.0,0.0,0.0,,,,,,prosky
17055,＜香辛料類＞　オールスパイス　粉,,364.0,,,,,,,,,none
17056,＜香辛料類＞　オニオンパウダー,,363.0,,,,,,,,,none
17057,＜香辛料類＞　からし　粉,,435.0,,,,,,,,,none
17058,＜香辛料類＞　からし　練り,,314.0,,,,,,,,,none
17059,＜香辛料類＞　からし　練りマスタード,,175.0,,,,,,,,,none
17060,＜香辛料類＞　からし　粒入りマスタード,,229.0,,,,,,,,,none
17061,＜香辛料類＞　カレー粉,36.9,338.0,6.5,30.4,36.9,,,,,,prosky
17062,＜香辛料類＞　クローブ　粉,,398.0,,,,,,,,,none
17063,＜香辛料類＞　こしょう　黒　粉,,362.0,,,,,,,,,none
17064,＜香辛料類＞　こしょう　白　粉,,376.0,,,,,,,,,none
17065,＜香辛料類＞　こしょう　混合　粉,,369.0,,,,,,,,,none
17066,＜香辛料類＞　さんしょう　粉,,375.0,,,,,,,,,none
17067,＜香辛料類＞　シナモン　粉,,356.0,,,,,,,,,none
17068,＜香辛料類＞　しょうが　粉,,365.0,,,,,,,,,none
17069,＜香辛料類＞　しょうが　おろし,,41.0,,,,,,,,,none
17070,＜香辛料類＞　セージ　粉,,377.0,,,,,,,,,none
17071,＜香辛料類＞　タイム　粉,,342.0,,,,,,,,,none
17072,＜香辛料類＞　チリパウダー,,374.0,,,,,,,,,none
17073,＜香辛料類＞　とうがらし　粉,,412.0,,,,,,,,,none
17074,＜香辛料類＞　ナツメグ　粉,,520.0,,,,,,,,,none
17075,＜香辛料類＞　にんにく　ガーリックパウダー　食塩無添加,,380.0,,,,,,,,,none
17128,＜香辛料類＞　にんにく　ガーリックパウダー　食塩添加,,382.0,,,,,,,,,none
17076,＜香辛料類＞　にんにく　おろし,,170.0,,,,,,,,,none
17077,＜香辛料類＞　バジル　粉,,307.0,,,,,,,,,none
17078,＜香辛料類＞　パセリ　乾,,341.0,,,,,,,,,none
17079,＜香辛料類＞　パプリカ　粉,,385.0,,,,,,,,,none
17080,＜香辛料類＞　わさび　粉　からし粉入り,,384.0,,,,,,,,,none
17081,＜香辛料類＞　わさび　練り,,265.0,,,,,,,,,none
17082,＜その他＞　酵母　パン酵母　圧搾,10.3,105.0,0.8,9.5,10.3,,,,,,prosky
17083,＜その他＞　酵母　パン酵母　乾燥,32.6,307.0,2.5,30.1,32.6,,,,,,prosky
17084,＜その他＞　ベーキングパウダー,,150.0,,,,,,,,,none
18024,和風料理　和え物類　青菜の白和え,2.4,81.0,0.4,2.0,2.4,,,,,,prosky
18025,和風料理　和え物類　いんげんのごま和え,2.8,77.0,0.6,2.2,2.8,,,,,,prosky
18026,和風料理　和え物類　わかめとねぎの酢みそ和え,2.5,85.0,0.5,1.6,2.5,,,,,,prosky
18028,和風料理　汁物類　とん汁,0.5,26.0,0.2,0.4,0.5,,,,,,prosky
18027,和風料理　酢の物類　紅白なます,0.9,34.0,0.3,0.6,0.9,,,,,,prosky
18029,和風料理　煮物類　卯の花いり,5.1,84.0,0.3,4.8,5.1,,,,,,prosky
18030,和風料理　煮物類　親子丼の具,0.4,101.0,0.1,0.2,0.4,,,,,,prosky
18031,和風料理　煮物類　牛飯の具,1.0,122.0,0.2,0.7,1.0,,,,,,prosky
18032,和風料理　煮物類　切り干し大根の煮物,2.0,48.0,0.3,1.6,2.0,,,,,,prosky
18033,和風料理　煮物類　きんぴらごぼう,3.2,84.0,1.3,1.9,3.2,,,,,,prosky
18034,和風料理　煮物類　ぜんまいのいため煮,2.2,80.0,0.3,1.9,2.2,,,,,,prosky
18035,和風料理　煮物類　筑前煮,1.8,85.0,0.5,1.3,1.8,,,,,,prosky
18036,和風料理　煮物類　肉じゃが,1.3,78.0,0.4,0.9,1.3,,,,,,prosky
18037,和風料理　煮物類　ひじきのいため煮,3.4,75.0,0.1,0.4,3.4,,,,,,prosky
18038,和風料理　その他　アジの南蛮漬け,0.9,109.0,0.2,0.8,0.9,,,,,,prosky
18053,和風料理　その他　お好み焼き,2.6,136.0,,,,0.6,0.5,1.6,0.4,2.6,aoac2011.25
18054,和風料理　その他　とりから揚げ,1.7,204.0,,,,0.6,0.4,0.6,,1.7,aoac2011.25
18023,和風料理　その他　松前漬け　しょうゆ漬,1.6,166.0,,,1.6,,,,,,prosky
18040,洋風料理　カレー類　チキンカレー,1.2,131.0,0.4,0.8,1.2,,,,,,prosky
18001,洋風料理　カレー類　ビーフカレー,0.9,119.0,0.3,0.6,0.9,,,,,,prosky
18041,洋風料理　カレー類　ポークカレー,0.9,116.0,0.3,0.6,0.9,,,,,,prosky
18043,洋風料理　コロッケ類　カニクリームコロッケ,1.0,255.0,0.4,0.6,1.0,,,,,,prosky
18044,洋風料理　コロッケ類　コーンクリームコロッケ,1.4,245.0,0.4,1.0,1.4,,,,,,prosky
18018,洋風料理　コロッケ類　ポテトコロッケ,2.0,226.0,0.7,1.3,2.0,,,,,,prosky
18045,洋風料理　シチュー類　チキンシチュー,1.2,124.0,0.3,0.8,1.2,,,,,,prosky
18011,洋風料理　シチュー類　ビーフシチュー,0.7,153.0,0.2,0.5,0.7,,,,,,prosky
18015,洋風料理　素揚げ類　ミートボール,1.3,199.0,0.5,0.9,1.3,,,,,,prosky
18042,洋風料理　スープ類　かぼちゃのクリームスープ,1.3,73.0,0.3,1.0,1.3,,,,,,prosky
18005,洋風料理　スープ類　コーンクリームスープ　コーンクリームスープ,0.6,62.0,0.1,0.4,0.6,,,,,,prosky
18004,洋風料理　スープ類　コーンクリームスープ　粉末タイプ,,425.0,,,,,,,,,none
18050,洋風料理　ハンバーグステーキ類　合いびきハンバーグ,1.1,197.0,0.4,0.7,1.1,,,,,,prosky
18051,洋風料理　ハンバーグステーキ類　チキンハンバーグ,1.0,171.0,0.4,0.6,1.0,,,,,,prosky
18052,洋風料理　ハンバーグステーキ類　豆腐ハンバーグ,1.3,142.0,0.4,0.9,1.3,,,,,,prosky
18019,洋風料理　フライ類　いかフライ,0.9,227.0,0.4,0.5,0.9,,,,,,prosky
18020,洋風料理　フライ類　えびフライ,1.0,236.0,0.4,0.6,1.0,,,,,,prosky
18055,洋風料理　フライ類　かきフライ,2.3,289.0,,,,1.0,0.6,0.7,,2.3,aoac2011.25
18021,洋風料理　フライ類　白身フライ,,299.0,,,,,,,,,none
18022,洋風料理　フライ類　メンチカツ,1.7,273.0,0.6,1.1,1.7,,,,,,prosky
18008,洋風料理　フライ用冷凍食品　いかフライ　冷凍,,146.0,,,,,,,,,none
18009,洋風料理　フライ用冷凍食品　えびフライ　冷凍,,139.0,,,,,,,,,none
18006,洋風料理　フライ用冷凍食品　コロッケ　クリームコロッケ　冷凍,,159.0,,,,,,,,,none
18007,洋風料理　フライ用冷凍食品　コロッケ　ポテトコロッケ　冷凍,,157.0,,,,,,,,,none
18010,洋風料理　フライ用冷凍食品　白身フライ　冷凍,,148.0,,,,,,,,,none
18016,洋風料理　フライ用冷凍食品　メンチカツ　冷凍,,196.0,,,,,,,,,none
18003,洋風料理　その他　えびグラタン,0.9,128.0,0.2,0.6,0.9,,,,,,prosky
18014,洋風料理　その他　えびピラフ,1.2,146.0,0.1,0.5,0.6,0.7,,0.4,,1.2,both
18002,中国料理　点心類　ぎょうざ,1.5,209.0,0.5,0.9,1.5,,,,,,prosky
18012,中国料理　点心類　しゅうまい,1.7,191.0,0.6,1.1,1.7,,,,,,prosky
18046,中国料理　点心類　中華ちまき,0.5,174.0,,0.5,0.5,,,,,,prosky
18056,中国料理　点心類　春巻き,3.5,221.0,,,,1.2,0.6,1.7,,3.5,aoac2011.25
18047,中国料理　菜類　酢豚,0.8,77.0,0.2,0.6,0.8,,,,,,prosky
18057,中国料理　菜類　チャーハン,1.9,206.0,,,,0.8,0.3,0.7,0.2,1.9,aoac2011.25
18048,中国料理　菜類　八宝菜,0.9,64.0,0.2,0.7,0.9,,,,,,prosky
18049,中国料理　菜類　麻婆豆腐,0.7,104.0,0.1,0.4,0.5,0.3,0.2,0.3,,0.7,both
18039,韓国料理　和え物類　もやしのナムル,2.7,70.0,0.5,2.1,2.7,,,,,,prosky
